Agreement,Step,Δelement_count,Δroots,Δorphans,Δdepth,Δretyped
1,ConsecutivePageNumberClassifier,0,0,0,0,0
1,ContentClassifierV6,0,0,0,0,0
1,EarlyMetadataRemoverStep,0,0,0,0,0
1,EmptyElementClassifier,0,0,0,0,0
1,EnhancedClauseClassifierV6,0,0,0,0,0
1,EnhancedTOCDetector,0,0,0,0,0
1,FallbackTitleClassifier,0,0,0,0,0
1,HeadingClassifierV6,0,0,0,0,0
1,HierarchyBuilder,0,0,0,0,0
1,HtmlCommentRemoverStep,0,0,0,0,0
1,ImprovedMetadataRemoverv8,0,0,0,0,2
1,LateMetadataRemoverStep,0,0,0,0,0
1,LegalContentClassifierV6,0,0,0,0,0
1,MainTitleClassifierV6,0,0,0,0,0
1,OrphanAttacherStep,0,0,0,0,0
1,PageContinuationMerger,0,0,0,0,0
1,RepeatedHeaderFooterDetector,0,0,0,0,0
1,SmartSectionClassifierV6,0,0,0,0,0
1,TableClassifier,0,0,0,0,0
1,TableOfContentsClassifier,0,0,0,0,0
1,TableRootPromoter,0,0,0,0,0
1,TextClassifier,0,0,0,0,14
1,TextElementMerger,0,0,0,0,0
1,VisualHeadingDetector,0,0,0,0,0
2,ConsecutivePageNumberClassifier,0,0,0,0,0
2,ContentClassifierV6,0,0,0,0,0
2,EarlyMetadataRemoverStep,0,0,0,0,0
2,EmptyElementClassifier,0,0,0,0,0
2,EnhancedClauseClassifierV6,0,0,0,0,0
2,EnhancedTOCDetector,0,0,0,0,0
2,FallbackTitleClassifier,0,0,0,0,0
2,HeadingClassifierV6,0,0,0,0,0
2,HierarchyBuilder,0,0,0,0,0
2,HtmlCommentRemoverStep,0,0,0,0,0
2,ImprovedMetadataRemoverv8,0,0,0,0,49
2,LateMetadataRemoverStep,0,0,0,0,0
2,LegalContentClassifierV6,0,0,0,0,0
2,MainTitleClassifierV6,0,0,0,0,0
2,OrphanAttacherStep,0,0,0,0,0
2,PageContinuationMerger,0,0,0,0,0
2,RepeatedHeaderFooterDetector,0,0,0,0,0
2,SmartSectionClassifierV6,0,0,0,0,0
2,TableClassifier,0,0,0,0,0
2,TableOfContentsClassifier,0,0,0,0,0
2,TableRootPromoter,0,0,0,0,0
2,TextClassifier,0,0,0,0,28
2,TextElementMerger,0,0,0,0,0
2,VisualHeadingDetector,0,0,0,0,0
3,ConsecutivePageNumberClassifier,0,0,0,0,0
3,ContentClassifierV6,0,0,0,0,0
3,EarlyMetadataRemoverStep,0,0,0,0,0
3,EmptyElementClassifier,0,0,0,0,0
3,EnhancedClauseClassifierV6,0,0,0,0,6
3,EnhancedTOCDetector,0,0,0,0,0
3,FallbackTitleClassifier,0,0,0,0,0
3,HeadingClassifierV6,0,0,0,0,0
3,HierarchyBuilder,0,0,0,0,0
3,HtmlCommentRemoverStep,0,0,0,0,0
3,ImprovedMetadataRemoverv8,0,0,0,0,111
3,LateMetadataRemoverStep,0,0,0,0,0
3,LegalContentClassifierV6,0,0,0,0,0
3,MainTitleClassifierV6,0,0,0,0,0
3,OrphanAttacherStep,0,0,0,0,0
3,PageContinuationMerger,0,0,0,0,0
3,RepeatedHeaderFooterDetector,0,0,0,0,0
3,SmartSectionClassifierV6,0,0,0,0,0
3,TableClassifier,0,0,0,0,0
3,TableOfContentsClassifier,0,0,0,0,0
3,TableRootPromoter,0,0,0,0,0
3,TextClassifier,0,0,0,0,139
3,TextElementMerger,0,0,0,0,0
3,VisualHeadingDetector,0,0,0,0,0
4,ConsecutivePageNumberClassifier,0,0,0,0,0
4,ContentClassifierV6,0,0,0,0,0
4,EarlyMetadataRemoverStep,0,0,0,0,0
4,EmptyElementClassifier,0,0,0,0,0
4,EnhancedClauseClassifierV6,0,0,0,0,6
4,EnhancedTOCDetector,0,0,0,0,0
4,FallbackTitleClassifier,0,0,0,0,0
4,HeadingClassifierV6,0,0,0,0,0
4,HierarchyBuilder,0,0,0,0,0
4,HtmlCommentRemoverStep,0,0,0,0,0
4,ImprovedMetadataRemoverv8,0,0,0,0,113
4,LateMetadataRemoverStep,0,0,0,0,0
4,LegalContentClassifierV6,0,0,0,0,0
4,MainTitleClassifierV6,0,0,0,0,0
4,OrphanAttacherStep,0,0,0,0,0
4,PageContinuationMerger,0,0,0,0,0
4,RepeatedHeaderFooterDetector,0,0,0,0,0
4,SmartSectionClassifierV6,0,0,0,0,0
4,TableClassifier,0,0,0,0,0
4,TableOfContentsClassifier,0,0,0,0,0
4,TableRootPromoter,0,0,0,0,0
4,TextClassifier,0,0,0,0,165
4,TextElementMerger,0,0,0,0,0
4,VisualHeadingDetector,0,0,0,0,0
5,ConsecutivePageNumberClassifier,0,0,0,0,0
5,ContentClassifierV6,0,0,0,0,0
5,EarlyMetadataRemoverStep,0,0,0,0,0
5,EmptyElementClassifier,0,0,0,0,0
5,EnhancedClauseClassifierV6,0,0,0,0,87
5,EnhancedTOCDetector,0,0,0,0,0
5,FallbackTitleClassifier,0,0,0,0,0
5,HeadingClassifierV6,0,0,0,0,0
5,HierarchyBuilder,0,0,0,0,0
5,HtmlCommentRemoverStep,0,0,0,0,0
5,ImprovedMetadataRemoverv8,0,0,0,0,120
5,LateMetadataRemoverStep,0,0,0,0,0
5,LegalContentClassifierV6,0,0,0,0,0
5,MainTitleClassifierV6,0,0,0,0,0
5,OrphanAttacherStep,0,0,0,0,0
5,PageContinuationMerger,0,0,0,0,0
5,RepeatedHeaderFooterDetector,0,0,0,0,0
5,SmartSectionClassifierV6,0,0,0,0,0
5,TableClassifier,0,0,0,0,0
5,TableOfContentsClassifier,0,0,0,0,0
5,TableRootPromoter,0,0,0,0,0
5,TextClassifier,0,0,0,0,543
5,TextElementMerger,0,0,0,0,0
5,VisualHeadingDetector,0,0,0,0,0
6,ConsecutivePageNumberClassifier,0,0,0,0,0
6,ContentClassifierV6,0,0,0,0,0
6,EarlyMetadataRemoverStep,0,0,0,0,0
6,EmptyElementClassifier,0,0,0,0,0
6,EnhancedClauseClassifierV6,0,0,0,0,87
6,EnhancedTOCDetector,0,0,0,0,0
6,FallbackTitleClassifier,0,0,0,0,0
6,HeadingClassifierV6,0,0,0,0,0
6,HierarchyBuilder,0,0,0,0,0
6,HtmlCommentRemoverStep,0,0,0,0,0
6,ImprovedMetadataRemoverv8,0,0,0,0,121
6,LateMetadataRemoverStep,0,0,0,0,0
6,LegalContentClassifierV6,0,0,0,0,0
6,MainTitleClassifierV6,0,0,0,0,0
6,OrphanAttacherStep,0,0,0,0,0
6,PageContinuationMerger,0,0,0,0,0
6,RepeatedHeaderFooterDetector,0,0,0,0,0
6,SmartSectionClassifierV6,0,0,0,0,0
6,TableClassifier,0,0,0,0,0
6,TableOfContentsClassifier,0,0,0,0,0
6,TableRootPromoter,0,0,0,0,0
6,TextClassifier,0,0,0,0,560
6,TextElementMerger,0,0,0,0,0
6,VisualHeadingDetector,0,0,0,0,0
7,ConsecutivePageNumberClassifier,0,0,0,0,0
7,ContentClassifierV6,0,0,0,0,0
7,EarlyMetadataRemoverStep,0,0,0,0,0
7,EmptyElementClassifier,0,0,0,0,0
7,EnhancedClauseClassifierV6,0,0,0,0,87
7,EnhancedTOCDetector,0,0,0,0,0
7,FallbackTitleClassifier,0,0,0,0,0
7,HeadingClassifierV6,0,0,0,0,0
7,HierarchyBuilder,0,0,0,0,0
7,HtmlCommentRemoverStep,0,0,0,0,0
7,ImprovedMetadataRemoverv8,0,0,0,0,129
7,LateMetadataRemoverStep,0,0,0,0,0
7,LegalContentClassifierV6,0,0,0,0,0
7,MainTitleClassifierV6,0,0,0,0,0
7,OrphanAttacherStep,0,0,0,0,0
7,PageContinuationMerger,0,0,0,0,0
7,RepeatedHeaderFooterDetector,0,0,0,0,0
7,SmartSectionClassifierV6,0,0,0,0,0
7,TableClassifier,0,0,0,0,0
7,TableOfContentsClassifier,0,0,0,0,0
7,TableRootPromoter,0,0,0,0,0
7,TextClassifier,0,0,0,0,591
7,TextElementMerger,0,0,0,0,0
7,VisualHeadingDetector,0,0,0,0,0
8,ConsecutivePageNumberClassifier,0,0,0,0,0
8,ContentClassifierV6,0,0,0,0,0
8,EarlyMetadataRemoverStep,0,0,0,0,0
8,EmptyElementClassifier,0,0,0,0,0
8,EnhancedClauseClassifierV6,0,0,0,0,87
8,EnhancedTOCDetector,0,0,0,0,0
8,FallbackTitleClassifier,0,0,0,0,0
8,HeadingClassifierV6,0,0,0,0,0
8,HierarchyBuilder,0,0,0,0,0
8,HtmlCommentRemoverStep,0,0,0,0,0
8,ImprovedMetadataRemoverv8,0,0,0,0,129
8,LateMetadataRemoverStep,0,0,0,0,0
8,LegalContentClassifierV6,0,0,0,0,0
8,MainTitleClassifierV6,0,0,0,0,0
8,OrphanAttacherStep,0,0,0,0,0
8,PageContinuationMerger,0,0,0,0,0
8,RepeatedHeaderFooterDetector,0,0,0,0,0
8,SmartSectionClassifierV6,0,0,0,0,0
8,TableClassifier,0,0,0,0,0
8,TableOfContentsClassifier,0,0,0,0,0
8,TableRootPromoter,0,0,0,0,0
8,TextClassifier,0,0,0,0,591
8,TextElementMerger,0,0,0,0,0
8,VisualHeadingDetector,0,0,0,0,0
9,ConsecutivePageNumberClassifier,0,0,0,0,0
9,ContentClassifierV6,0,0,0,0,0
9,EarlyMetadataRemoverStep,0,0,0,0,0
9,EmptyElementClassifier,0,0,0,0,0
9,EnhancedClauseClassifierV6,0,0,0,0,87
9,EnhancedTOCDetector,0,0,0,0,0
9,FallbackTitleClassifier,0,0,0,0,0
9,HeadingClassifierV6,0,0,0,0,0
9,HierarchyBuilder,0,0,0,0,0
9,HtmlCommentRemoverStep,0,0,0,0,0
9,ImprovedMetadataRemoverv8,0,0,0,0,130
9,LateMetadataRemoverStep,0,0,0,0,0
9,LegalContentClassifierV6,0,0,0,0,0
9,MainTitleClassifierV6,0,0,0,0,0
9,OrphanAttacherStep,0,0,0,0,0
9,PageContinuationMerger,0,0,0,0,0
9,RepeatedHeaderFooterDetector,0,0,0,0,0
9,SmartSectionClassifierV6,0,0,0,0,0
9,TableClassifier,0,0,0,0,0
9,TableOfContentsClassifier,0,0,0,0,0
9,TableRootPromoter,0,0,0,0,0
9,TextClassifier,0,0,0,0,603
9,TextElementMerger,0,0,0,0,0
9,VisualHeadingDetector,0,0,0,0,0
10,ConsecutivePageNumberClassifier,0,0,0,0,0
10,ContentClassifierV6,0,0,0,0,0
10,EarlyMetadataRemoverStep,0,0,0,0,0
10,EmptyElementClassifier,0,0,0,0,0
10,EnhancedClauseClassifierV6,0,0,0,0,87
10,EnhancedTOCDetector,0,0,0,0,0
10,FallbackTitleClassifier,0,0,0,0,0
10,HeadingClassifierV6,0,0,0,0,0
10,HierarchyBuilder,0,0,0,0,0
10,HtmlCommentRemoverStep,0,0,0,0,0
10,ImprovedMetadataRemoverv8,0,0,0,0,130
10,LateMetadataRemoverStep,0,0,0,0,0
10,LegalContentClassifierV6,0,0,0,0,0
10,MainTitleClassifierV6,0,0,0,0,0
10,OrphanAttacherStep,0,0,0,0,0
10,PageContinuationMerger,0,0,0,0,0
10,RepeatedHeaderFooterDetector,0,0,0,0,0
10,SmartSectionClassifierV6,0,0,0,0,0
10,TableClassifier,0,0,0,0,0
10,TableOfContentsClassifier,0,0,0,0,0
10,TableRootPromoter,0,0,0,0,0
10,TextClassifier,0,0,0,0,633
10,TextElementMerger,0,0,0,0,0
10,VisualHeadingDetector,0,0,0,0,0
11,ConsecutivePageNumberClassifier,0,0,0,0,0
11,ContentClassifierV6,0,0,0,0,0
11,EarlyMetadataRemoverStep,0,0,0,0,0
11,EmptyElementClassifier,0,0,0,0,0
11,EnhancedClauseClassifierV6,0,0,0,0,88
11,EnhancedTOCDetector,0,0,0,0,0
11,FallbackTitleClassifier,0,0,0,0,0
11,HeadingClassifierV6,0,0,0,0,0
11,HierarchyBuilder,0,0,0,0,0
11,HtmlCommentRemoverStep,0,0,0,0,0
11,ImprovedMetadataRemoverv8,0,0,0,0,142
11,LateMetadataRemoverStep,0,0,0,0,0
11,LegalContentClassifierV6,0,0,0,0,0
11,MainTitleClassifierV6,0,0,0,0,0
11,OrphanAttacherStep,0,0,0,0,0
11,PageContinuationMerger,0,0,0,0,0
11,RepeatedHeaderFooterDetector,0,0,0,0,0
11,SmartSectionClassifierV6,0,0,0,0,0
11,TableClassifier,0,0,0,0,0
11,TableOfContentsClassifier,0,0,0,0,0
11,TableRootPromoter,0,0,0,0,0
11,TextClassifier,0,0,0,0,671
11,TextElementMerger,0,0,0,0,0
11,VisualHeadingDetector,0,0,0,0,0
12,ConsecutivePageNumberClassifier,0,0,0,0,0
12,ContentClassifierV6,0,0,0,0,0
12,EarlyMetadataRemoverStep,0,0,0,0,0
12,EmptyElementClassifier,0,0,0,0,0
12,EnhancedClauseClassifierV6,0,0,0,0,101
12,EnhancedTOCDetector,0,0,0,0,0
12,FallbackTitleClassifier,0,0,0,0,0
12,HeadingClassifierV6,0,0,0,0,0
12,HierarchyBuilder,0,0,0,0,0
12,HtmlCommentRemoverStep,0,0,0,0,0
12,ImprovedMetadataRemoverv8,0,0,0,0,156
12,LateMetadataRemoverStep,0,0,0,0,0
12,LegalContentClassifierV6,0,0,0,0,0
12,MainTitleClassifierV6,0,0,0,0,0
12,OrphanAttacherStep,0,0,0,0,0
12,PageContinuationMerger,0,0,0,0,0
12,RepeatedHeaderFooterDetector,0,0,0,0,0
12,SmartSectionClassifierV6,0,0,0,0,0
12,TableClassifier,0,0,0,0,0
12,TableOfContentsClassifier,0,0,0,0,0
12,TableRootPromoter,0,0,0,0,0
12,TextClassifier,0,0,0,0,734
12,TextElementMerger,0,0,0,0,0
12,VisualHeadingDetector,0,0,0,0,0
13,ConsecutivePageNumberClassifier,0,0,0,0,0
13,ContentClassifierV6,0,0,0,0,0
13,EarlyMetadataRemoverStep,0,0,0,0,0
13,EmptyElementClassifier,0,0,0,0,0
13,EnhancedClauseClassifierV6,0,0,0,0,106
13,EnhancedTOCDetector,0,0,0,0,0
13,FallbackTitleClassifier,0,0,0,0,0
13,HeadingClassifierV6,0,0,0,0,0
13,HierarchyBuilder,0,0,0,0,0
13,HtmlCommentRemoverStep,0,0,0,0,0
13,ImprovedMetadataRemoverv8,0,0,0,0,156
13,LateMetadataRemoverStep,0,0,0,0,0
13,LegalContentClassifierV6,0,0,0,0,0
13,MainTitleClassifierV6,0,0,0,0,0
13,OrphanAttacherStep,0,0,0,0,0
13,PageContinuationMerger,0,0,0,0,0
13,RepeatedHeaderFooterDetector,0,0,0,0,0
13,SmartSectionClassifierV6,0,0,0,0,0
13,TableClassifier,0,0,0,0,0
13,TableOfContentsClassifier,0,0,0,0,0
13,TableRootPromoter,0,0,0,0,0
13,TextClassifier,0,0,0,0,793
13,TextElementMerger,0,0,0,0,0
13,VisualHeadingDetector,0,0,0,0,0
14,ConsecutivePageNumberClassifier,0,0,0,0,0
14,ContentClassifierV6,0,0,0,0,0
14,EarlyMetadataRemoverStep,0,0,0,0,0
14,EmptyElementClassifier,0,0,0,0,0
14,EnhancedClauseClassifierV6,0,0,0,0,106
14,EnhancedTOCDetector,0,0,0,0,0
14,FallbackTitleClassifier,0,0,0,0,0
14,HeadingClassifierV6,0,0,0,0,0
14,HierarchyBuilder,0,0,0,0,0
14,HtmlCommentRemoverStep,0,0,0,0,0
14,ImprovedMetadataRemoverv8,0,0,0,0,182
14,LateMetadataRemoverStep,0,0,0,0,0
14,LegalContentClassifierV6,0,0,0,0,0
14,MainTitleClassifierV6,0,0,0,0,0
14,OrphanAttacherStep,0,0,0,0,0
14,PageContinuationMerger,0,0,0,0,0
14,RepeatedHeaderFooterDetector,0,0,0,0,0
14,SmartSectionClassifierV6,0,0,0,0,0
14,TableClassifier,0,0,0,0,0
14,TableOfContentsClassifier,0,0,0,0,0
14,TableRootPromoter,0,0,0,0,0
14,TextClassifier,0,0,0,0,833
14,TextElementMerger,0,0,0,0,0
14,VisualHeadingDetector,0,0,0,0,0
15,ConsecutivePageNumberClassifier,0,0,0,0,0
15,ContentClassifierV6,0,0,0,0,0
15,EarlyMetadataRemoverStep,0,0,0,0,0
15,EmptyElementClassifier,0,0,0,0,0
15,EnhancedClauseClassifierV6,0,0,0,0,121
15,EnhancedTOCDetector,0,0,0,0,0
15,FallbackTitleClassifier,0,0,0,0,0
15,HeadingClassifierV6,0,0,0,0,0
15,HierarchyBuilder,0,0,0,0,0
15,HtmlCommentRemoverStep,0,0,0,0,0
15,ImprovedMetadataRemoverv8,0,0,0,0,241
15,LateMetadataRemoverStep,0,0,0,0,0
15,LegalContentClassifierV6,0,0,0,0,0
15,MainTitleClassifierV6,0,0,0,0,0
15,OrphanAttacherStep,0,0,0,0,0
15,PageContinuationMerger,0,0,0,0,0
15,RepeatedHeaderFooterDetector,0,0,0,0,0
15,SmartSectionClassifierV6,0,0,0,0,0
15,TableClassifier,0,0,0,0,0
15,TableOfContentsClassifier,0,0,0,0,0
15,TableRootPromoter,0,0,0,0,0
15,TextClassifier,0,0,0,0,910
15,TextElementMerger,0,0,0,0,0
15,VisualHeadingDetector,0,0,0,0,0
16,ConsecutivePageNumberClassifier,0,0,0,0,0
16,ContentClassifierV6,0,0,0,0,0
16,EarlyMetadataRemoverStep,0,0,0,0,0
16,EmptyElementClassifier,0,0,0,0,0
16,EnhancedClauseClassifierV6,0,0,0,0,121
16,EnhancedTOCDetector,0,0,0,0,0
16,FallbackTitleClassifier,0,0,0,0,0
16,HeadingClassifierV6,0,0,0,0,0
16,HierarchyBuilder,0,0,0,0,0
16,HtmlCommentRemoverStep,0,0,0,0,0
16,ImprovedMetadataRemoverv8,0,0,0,0,241
16,LateMetadataRemoverStep,0,0,0,0,0
16,LegalContentClassifierV6,0,0,0,0,0
16,MainTitleClassifierV6,0,0,0,0,0
16,OrphanAttacherStep,0,0,0,0,0
16,PageContinuationMerger,0,0,0,0,0
16,RepeatedHeaderFooterDetector,0,0,0,0,0
16,SmartSectionClassifierV6,0,0,0,0,0
16,TableClassifier,0,0,0,0,0
16,TableOfContentsClassifier,0,0,0,0,0
16,TableRootPromoter,0,0,0,0,0
16,TextClassifier,0,0,0,0,910
16,TextElementMerger,0,0,0,0,0
16,VisualHeadingDetector,0,0,0,0,0
17,ConsecutivePageNumberClassifier,0,0,0,0,0
17,ContentClassifierV6,0,0,0,0,0
17,EarlyMetadataRemoverStep,0,0,0,0,0
17,EmptyElementClassifier,0,0,0,0,0
17,EnhancedClauseClassifierV6,0,0,0,0,121
17,EnhancedTOCDetector,0,0,0,0,0
17,FallbackTitleClassifier,0,0,0,0,0
17,HeadingClassifierV6,0,0,0,0,0
17,HierarchyBuilder,0,0,0,0,0
17,HtmlCommentRemoverStep,0,0,0,0,0
17,ImprovedMetadataRemoverv8,0,0,0,0,241
17,LateMetadataRemoverStep,0,0,0,0,0
17,LegalContentClassifierV6,0,0,0,0,0
17,MainTitleClassifierV6,0,0,0,0,0
17,OrphanAttacherStep,0,0,0,0,0
17,PageContinuationMerger,0,0,0,0,0
17,RepeatedHeaderFooterDetector,0,0,0,0,0
17,SmartSectionClassifierV6,0,0,0,0,0
17,TableClassifier,0,0,0,0,0
17,TableOfContentsClassifier,0,0,0,0,0
17,TableRootPromoter,0,0,0,0,0
17,TextClassifier,0,0,0,0,919
17,TextElementMerger,0,0,0,0,0
17,VisualHeadingDetector,0,0,0,0,0
18,ConsecutivePageNumberClassifier,0,0,0,0,0
18,ContentClassifierV6,0,0,0,0,0
18,EarlyMetadataRemoverStep,0,0,0,0,0
18,EmptyElementClassifier,0,0,0,0,0
18,EnhancedClauseClassifierV6,0,0,0,0,121
18,EnhancedTOCDetector,0,0,0,0,0
18,FallbackTitleClassifier,0,0,0,0,0
18,HeadingClassifierV6,0,0,0,0,0
18,HierarchyBuilder,0,0,0,0,0
18,HtmlCommentRemoverStep,0,0,0,0,0
18,ImprovedMetadataRemoverv8,0,0,0,0,244
18,LateMetadataRemoverStep,0,0,0,0,0
18,LegalContentClassifierV6,0,0,0,0,0
18,MainTitleClassifierV6,0,0,0,0,0
18,OrphanAttacherStep,0,0,0,0,0
18,PageContinuationMerger,0,0,0,0,0
18,RepeatedHeaderFooterDetector,0,0,0,0,0
18,SmartSectionClassifierV6,0,0,0,0,0
18,TableClassifier,0,0,0,0,0
18,TableOfContentsClassifier,0,0,0,0,0
18,TableRootPromoter,0,0,0,0,0
18,TextClassifier,0,0,0,0,929
18,TextElementMerger,0,0,0,0,0
18,VisualHeadingDetector,0,0,0,0,0
19,ConsecutivePageNumberClassifier,0,0,0,0,0
19,ContentClassifierV6,0,0,0,0,0
19,EarlyMetadataRemoverStep,0,0,0,0,0
19,EmptyElementClassifier,0,0,0,0,0
19,EnhancedClauseClassifierV6,0,0,0,0,121
19,EnhancedTOCDetector,0,0,0,0,0
19,FallbackTitleClassifier,0,0,0,0,0
19,HeadingClassifierV6,0,0,0,0,0
19,HierarchyBuilder,0,0,0,0,0
19,HtmlCommentRemoverStep,0,0,0,0,0
19,ImprovedMetadataRemoverv8,0,0,0,0,246
19,LateMetadataRemoverStep,0,0,0,0,0
19,LegalContentClassifierV6,0,0,0,0,0
19,MainTitleClassifierV6,0,0,0,0,0
19,OrphanAttacherStep,0,0,0,0,0
19,PageContinuationMerger,0,0,0,0,0
19,RepeatedHeaderFooterDetector,0,0,0,0,0
19,SmartSectionClassifierV6,0,0,0,0,0
19,TableClassifier,0,0,0,0,0
19,TableOfContentsClassifier,0,0,0,0,0
19,TableRootPromoter,0,0,0,0,0
19,TextClassifier,0,0,0,0,942
19,TextElementMerger,0,0,0,0,0
19,VisualHeadingDetector,0,0,0,0,0
20,ConsecutivePageNumberClassifier,0,0,0,0,0
20,ContentClassifierV6,0,0,0,0,0
20,EarlyMetadataRemoverStep,0,0,0,0,0
20,EmptyElementClassifier,0,0,0,0,0
20,EnhancedClauseClassifierV6,0,0,0,0,121
20,EnhancedTOCDetector,0,0,0,0,0
20,FallbackTitleClassifier,0,0,0,0,0
20,HeadingClassifierV6,0,0,0,0,0
20,HierarchyBuilder,0,0,0,0,0
20,HtmlCommentRemoverStep,0,0,0,0,0
20,ImprovedMetadataRemoverv8,0,0,0,0,247
20,LateMetadataRemoverStep,0,0,0,0,0
20,LegalContentClassifierV6,0,0,0,0,0
20,MainTitleClassifierV6,0,0,0,0,0
20,OrphanAttacherStep,0,0,0,0,0
20,PageContinuationMerger,0,0,0,0,0
20,RepeatedHeaderFooterDetector,0,0,0,0,0
20,SmartSectionClassifierV6,0,0,0,0,0
20,TableClassifier,0,0,0,0,0
20,TableOfContentsClassifier,0,0,0,0,0
20,TableRootPromoter,0,0,0,0,0
20,TextClassifier,0,0,0,0,947
20,TextElementMerger,0,0,0,0,0
20,VisualHeadingDetector,0,0,0,0,0
21,ConsecutivePageNumberClassifier,0,0,0,0,0
21,ContentClassifierV6,0,0,0,0,0
21,EarlyMetadataRemoverStep,0,0,0,0,0
21,EmptyElementClassifier,0,0,0,0,0
21,EnhancedClauseClassifierV6,0,0,0,0,121
21,EnhancedTOCDetector,0,0,0,0,0
21,FallbackTitleClassifier,0,0,0,0,0
21,HeadingClassifierV6,0,0,0,0,0
21,HierarchyBuilder,0,0,0,0,0
21,HtmlCommentRemoverStep,0,0,0,0,0
21,ImprovedMetadataRemoverv8,0,0,0,0,247
21,LateMetadataRemoverStep,0,0,0,0,0
21,LegalContentClassifierV6,0,0,0,0,0
21,MainTitleClassifierV6,0,0,0,0,0
21,OrphanAttacherStep,0,0,0,0,0
21,PageContinuationMerger,0,0,0,0,0
21,RepeatedHeaderFooterDetector,0,0,0,0,0
21,SmartSectionClassifierV6,0,0,0,0,0
21,TableClassifier,0,0,0,0,0
21,TableOfContentsClassifier,0,0,0,0,0
21,TableRootPromoter,0,0,0,0,0
21,TextClassifier,0,0,0,0,947
21,TextElementMerger,0,0,0,0,0
21,VisualHeadingDetector,0,0,0,0,0
22,ConsecutivePageNumberClassifier,0,0,0,0,0
22,ContentClassifierV6,0,0,0,0,0
22,EarlyMetadataRemoverStep,0,0,0,0,0
22,EmptyElementClassifier,0,0,0,0,0
22,EnhancedClauseClassifierV6,0,0,0,0,121
22,EnhancedTOCDetector,0,0,0,0,0
22,FallbackTitleClassifier,0,0,0,0,0
22,HeadingClassifierV6,0,0,0,0,0
22,HierarchyBuilder,0,0,0,0,0
22,HtmlCommentRemoverStep,0,0,0,0,0
22,ImprovedMetadataRemoverv8,0,0,0,0,253
22,LateMetadataRemoverStep,0,0,0,0,0
22,LegalContentClassifierV6,0,0,0,0,0
22,MainTitleClassifierV6,0,0,0,0,0
22,OrphanAttacherStep,0,0,0,0,0
22,PageContinuationMerger,0,0,0,0,0
22,RepeatedHeaderFooterDetector,0,0,0,0,0
22,SmartSectionClassifierV6,0,0,0,0,0
22,TableClassifier,0,0,0,0,0
22,TableOfContentsClassifier,0,0,0,0,0
22,TableRootPromoter,0,0,0,0,0
22,TextClassifier,0,0,0,0,1100
22,TextElementMerger,0,0,0,0,0
22,VisualHeadingDetector,0,0,0,0,0
23,ConsecutivePageNumberClassifier,0,0,0,0,0
23,ContentClassifierV6,0,0,0,0,0
23,EarlyMetadataRemoverStep,0,0,0,0,0
23,EmptyElementClassifier,0,0,0,0,0
23,EnhancedClauseClassifierV6,0,0,0,0,127
23,EnhancedTOCDetector,0,0,0,0,0
23,FallbackTitleClassifier,0,0,0,0,0
23,HeadingClassifierV6,0,0,0,0,0
23,HierarchyBuilder,0,0,0,0,0
23,HtmlCommentRemoverStep,0,0,0,0,0
23,ImprovedMetadataRemoverv8,0,0,0,0,267
23,LateMetadataRemoverStep,0,0,0,0,0
23,LegalContentClassifierV6,0,0,0,0,0
23,MainTitleClassifierV6,0,0,0,0,0
23,OrphanAttacherStep,0,0,0,0,0
23,PageContinuationMerger,0,0,0,0,0
23,RepeatedHeaderFooterDetector,0,0,0,0,0
23,SmartSectionClassifierV6,0,0,0,0,0
23,TableClassifier,0,0,0,0,0
23,TableOfContentsClassifier,0,0,0,0,0
23,TableRootPromoter,0,0,0,0,0
23,TextClassifier,0,0,0,0,1168
23,TextElementMerger,0,0,0,0,0
23,VisualHeadingDetector,0,0,0,0,0
24,ConsecutivePageNumberClassifier,0,0,0,0,0
24,ContentClassifierV6,0,0,0,0,0
24,EarlyMetadataRemoverStep,0,0,0,0,0
24,EmptyElementClassifier,0,0,0,0,0
24,EnhancedClauseClassifierV6,0,0,0,0,127
24,EnhancedTOCDetector,0,0,0,0,0
24,FallbackTitleClassifier,0,0,0,0,0
24,HeadingClassifierV6,0,0,0,0,0
24,HierarchyBuilder,0,0,0,0,0
24,HtmlCommentRemoverStep,0,0,0,0,0
24,ImprovedMetadataRemoverv8,0,0,0,0,268
24,LateMetadataRemoverStep,0,0,0,0,0
24,LegalContentClassifierV6,0,0,0,0,0
24,MainTitleClassifierV6,0,0,0,0,0
24,OrphanAttacherStep,0,0,0,0,0
24,PageContinuationMerger,0,0,0,0,0
24,RepeatedHeaderFooterDetector,0,0,0,0,0
24,SmartSectionClassifierV6,0,0,0,0,0
24,TableClassifier,0,0,0,0,0
24,TableOfContentsClassifier,0,0,0,0,0
24,TableRootPromoter,0,0,0,0,0
24,TextClassifier,0,0,0,0,1180
24,TextElementMerger,0,0,0,0,0
24,VisualHeadingDetector,0,0,0,0,0
25,ConsecutivePageNumberClassifier,0,0,0,0,0
25,ContentClassifierV6,0,0,0,0,0
25,EarlyMetadataRemoverStep,0,0,0,0,0
25,EmptyElementClassifier,0,0,0,0,0
25,EnhancedClauseClassifierV6,0,0,0,0,127
25,EnhancedTOCDetector,0,0,0,0,0
25,FallbackTitleClassifier,0,0,0,0,0
25,HeadingClassifierV6,0,0,0,0,0
25,HierarchyBuilder,0,0,0,0,0
25,HtmlCommentRemoverStep,0,0,0,0,0
25,ImprovedMetadataRemoverv8,0,0,0,0,282
25,LateMetadataRemoverStep,0,0,0,0,0
25,LegalContentClassifierV6,0,0,0,0,0
25,MainTitleClassifierV6,0,0,0,0,0
25,OrphanAttacherStep,0,0,0,0,0
25,PageContinuationMerger,0,0,0,0,0
25,RepeatedHeaderFooterDetector,0,0,0,0,0
25,SmartSectionClassifierV6,0,0,0,0,0
25,TableClassifier,0,0,0,0,0
25,TableOfContentsClassifier,0,0,0,0,0
25,TableRootPromoter,0,0,0,0,0
25,TextClassifier,0,0,0,0,1209
25,TextElementMerger,0,0,0,0,0
25,VisualHeadingDetector,0,0,0,0,0
26,ConsecutivePageNumberClassifier,0,0,0,0,0
26,ContentClassifierV6,0,0,0,0,0
26,EarlyMetadataRemoverStep,0,0,0,0,0
26,EmptyElementClassifier,0,0,0,0,0
26,EnhancedClauseClassifierV6,0,0,0,0,137
26,EnhancedTOCDetector,0,0,0,0,0
26,FallbackTitleClassifier,0,0,0,0,0
26,HeadingClassifierV6,0,0,0,0,0
26,HierarchyBuilder,0,0,0,0,0
26,HtmlCommentRemoverStep,0,0,0,0,0
26,ImprovedMetadataRemoverv8,0,0,0,0,333
26,LateMetadataRemoverStep,0,0,0,0,0
26,LegalContentClassifierV6,0,0,0,0,0
26,MainTitleClassifierV6,0,0,0,0,0
26,OrphanAttacherStep,0,0,0,0,0
26,PageContinuationMerger,0,0,0,0,0
26,RepeatedHeaderFooterDetector,0,0,0,0,0
26,SmartSectionClassifierV6,0,0,0,0,0
26,TableClassifier,0,0,0,0,0
26,TableOfContentsClassifier,0,0,0,0,0
26,TableRootPromoter,0,0,0,0,0
26,TextClassifier,0,0,0,0,1267
26,TextElementMerger,0,0,0,0,0
26,VisualHeadingDetector,0,0,0,0,0
27,ConsecutivePageNumberClassifier,0,0,0,0,0
27,ContentClassifierV6,0,0,0,0,0
27,EarlyMetadataRemoverStep,0,0,0,0,0
27,EmptyElementClassifier,0,0,0,0,0
27,EnhancedClauseClassifierV6,0,0,0,0,140
27,EnhancedTOCDetector,0,0,0,0,0
27,FallbackTitleClassifier,0,0,0,0,0
27,HeadingClassifierV6,0,0,0,0,0
27,HierarchyBuilder,0,0,0,0,0
27,HtmlCommentRemoverStep,0,0,0,0,0
27,ImprovedMetadataRemoverv8,0,0,0,0,365
27,LateMetadataRemoverStep,0,0,0,0,0
27,LegalContentClassifierV6,0,0,0,0,0
27,MainTitleClassifierV6,0,0,0,0,0
27,OrphanAttacherStep,0,0,0,0,0
27,PageContinuationMerger,0,0,0,0,0
27,RepeatedHeaderFooterDetector,0,0,0,0,0
27,SmartSectionClassifierV6,0,0,0,0,0
27,TableClassifier,0,0,0,0,0
27,TableOfContentsClassifier,0,0,0,0,0
27,TableRootPromoter,0,0,0,0,0
27,TextClassifier,0,0,0,0,1345
27,TextElementMerger,0,0,0,0,0
27,VisualHeadingDetector,0,0,0,0,0
28,ConsecutivePageNumberClassifier,0,0,0,0,0
28,ContentClassifierV6,0,0,0,0,0
28,EarlyMetadataRemoverStep,0,0,0,0,0
28,EmptyElementClassifier,0,0,0,0,0
28,EnhancedClauseClassifierV6,0,0,0,0,140
28,EnhancedTOCDetector,0,0,0,0,0
28,FallbackTitleClassifier,0,0,0,0,0
28,HeadingClassifierV6,0,0,0,0,0
28,HierarchyBuilder,0,0,0,0,0
28,HtmlCommentRemoverStep,0,0,0,0,0
28,ImprovedMetadataRemoverv8,0,0,0,0,365
28,LateMetadataRemoverStep,0,0,0,0,0
28,LegalContentClassifierV6,0,0,0,0,0
28,MainTitleClassifierV6,0,0,0,0,0
28,OrphanAttacherStep,0,0,0,0,0
28,PageContinuationMerger,0,0,0,0,0
28,RepeatedHeaderFooterDetector,0,0,0,0,0
28,SmartSectionClassifierV6,0,0,0,0,0
28,TableClassifier,0,0,0,0,0
28,TableOfContentsClassifier,0,0,0,0,0
28,TableRootPromoter,0,0,0,0,0
28,TextClassifier,0,0,0,0,1345
28,TextElementMerger,0,0,0,0,0
28,VisualHeadingDetector,0,0,0,0,0
29,ConsecutivePageNumberClassifier,0,0,0,0,0
29,ContentClassifierV6,0,0,0,0,0
29,EarlyMetadataRemoverStep,0,0,0,0,0
29,EmptyElementClassifier,0,0,0,0,0
29,EnhancedClauseClassifierV6,0,0,0,0,165
29,EnhancedTOCDetector,0,0,0,0,0
29,FallbackTitleClassifier,0,0,0,0,0
29,HeadingClassifierV6,0,0,0,0,0
29,HierarchyBuilder,0,0,0,0,0
29,HtmlCommentRemoverStep,0,0,0,0,0
29,ImprovedMetadataRemoverv8,0,0,0,0,365
29,LateMetadataRemoverStep,0,0,0,0,0
29,LegalContentClassifierV6,0,0,0,0,0
29,MainTitleClassifierV6,0,0,0,0,0
29,OrphanAttacherStep,0,0,0,0,0
29,PageContinuationMerger,0,0,0,0,0
29,RepeatedHeaderFooterDetector,0,0,0,0,0
29,SmartSectionClassifierV6,0,0,0,0,0
29,TableClassifier,0,0,0,0,0
29,TableOfContentsClassifier,0,0,0,0,0
29,TableRootPromoter,0,0,0,0,0
29,TextClassifier,0,0,0,0,1431
29,TextElementMerger,0,0,0,0,0
29,VisualHeadingDetector,0,0,0,0,0
30,ConsecutivePageNumberClassifier,0,0,0,0,0
30,ContentClassifierV6,0,0,0,0,0
30,EarlyMetadataRemoverStep,0,0,0,0,0
30,EmptyElementClassifier,0,0,0,0,0
30,EnhancedClauseClassifierV6,0,0,0,0,168
30,EnhancedTOCDetector,0,0,0,0,0
30,FallbackTitleClassifier,0,0,0,0,0
30,HeadingClassifierV6,0,0,0,0,0
30,HierarchyBuilder,0,0,0,0,0
30,HtmlCommentRemoverStep,0,0,0,0,0
30,ImprovedMetadataRemoverv8,0,0,0,0,381
30,LateMetadataRemoverStep,0,0,0,0,0
30,LegalContentClassifierV6,0,0,0,0,0
30,MainTitleClassifierV6,0,0,0,0,0
30,OrphanAttacherStep,0,0,0,0,0
30,PageContinuationMerger,0,0,0,0,0
30,RepeatedHeaderFooterDetector,0,0,0,0,0
30,SmartSectionClassifierV6,0,0,0,0,0
30,TableClassifier,0,0,0,0,0
30,TableOfContentsClassifier,0,0,0,0,0
30,TableRootPromoter,0,0,0,0,0
30,TextClassifier,0,0,0,0,1515
30,TextElementMerger,0,0,0,0,0
30,VisualHeadingDetector,0,0,0,0,0
31,ConsecutivePageNumberClassifier,0,0,0,0,0
31,ContentClassifierV6,0,0,0,0,0
31,EarlyMetadataRemoverStep,0,0,0,0,0
31,EmptyElementClassifier,0,0,0,0,0
31,EnhancedClauseClassifierV6,0,0,0,0,168
31,EnhancedTOCDetector,0,0,0,0,0
31,FallbackTitleClassifier,0,0,0,0,0
31,HeadingClassifierV6,0,0,0,0,0
31,HierarchyBuilder,0,0,0,0,0
31,HtmlCommentRemoverStep,0,0,0,0,0
31,ImprovedMetadataRemoverv8,0,0,0,0,423
31,LateMetadataRemoverStep,0,0,0,0,0
31,LegalContentClassifierV6,0,0,0,0,0
31,MainTitleClassifierV6,0,0,0,0,0
31,OrphanAttacherStep,0,0,0,0,0
31,PageContinuationMerger,0,0,0,0,0
31,RepeatedHeaderFooterDetector,0,0,0,0,0
31,SmartSectionClassifierV6,0,0,0,0,0
31,TableClassifier,0,0,0,0,0
31,TableOfContentsClassifier,0,0,0,0,0
31,TableRootPromoter,0,0,0,0,0
31,TextClassifier,0,0,0,0,1632
31,TextElementMerger,0,0,0,0,0
31,VisualHeadingDetector,0,0,0,0,0
32,ConsecutivePageNumberClassifier,0,0,0,0,0
32,ContentClassifierV6,0,0,0,0,0
32,EarlyMetadataRemoverStep,0,0,0,0,0
32,EmptyElementClassifier,0,0,0,0,0
32,EnhancedClauseClassifierV6,0,0,0,0,172
32,EnhancedTOCDetector,0,0,0,0,0
32,FallbackTitleClassifier,0,0,0,0,0
32,HeadingClassifierV6,0,0,0,0,0
32,HierarchyBuilder,0,0,0,0,0
32,HtmlCommentRemoverStep,0,0,0,0,0
32,ImprovedMetadataRemoverv8,0,0,0,0,432
32,LateMetadataRemoverStep,0,0,0,0,0
32,LegalContentClassifierV6,0,0,0,0,0
32,MainTitleClassifierV6,0,0,0,0,0
32,OrphanAttacherStep,0,0,0,0,0
32,PageContinuationMerger,0,0,0,0,0
32,RepeatedHeaderFooterDetector,0,0,0,0,0
32,SmartSectionClassifierV6,0,0,0,0,0
32,TableClassifier,0,0,0,0,0
32,TableOfContentsClassifier,0,0,0,0,0
32,TableRootPromoter,0,0,0,0,0
32,TextClassifier,0,0,0,0,1715
32,TextElementMerger,0,0,0,0,0
32,VisualHeadingDetector,0,0,0,0,0
33,ConsecutivePageNumberClassifier,0,0,0,0,0
33,ContentClassifierV6,0,0,0,0,0
33,EarlyMetadataRemoverStep,0,0,0,0,0
33,EmptyElementClassifier,0,0,0,0,0
33,EnhancedClauseClassifierV6,0,0,0,0,181
33,EnhancedTOCDetector,0,0,0,0,0
33,FallbackTitleClassifier,0,0,0,0,0
33,HeadingClassifierV6,0,0,0,0,0
33,HierarchyBuilder,0,0,0,0,0
33,HtmlCommentRemoverStep,0,0,0,0,0
33,ImprovedMetadataRemoverv8,0,0,0,0,444
33,LateMetadataRemoverStep,0,0,0,0,0
33,LegalContentClassifierV6,0,0,0,0,0
33,MainTitleClassifierV6,0,0,0,0,0
33,OrphanAttacherStep,0,0,0,0,0
33,PageContinuationMerger,0,0,0,0,0
33,RepeatedHeaderFooterDetector,0,0,0,0,0
33,SmartSectionClassifierV6,0,0,0,0,0
33,TableClassifier,0,0,0,0,0
33,TableOfContentsClassifier,0,0,0,0,0
33,TableRootPromoter,0,0,0,0,0
33,TextClassifier,0,0,0,0,1809
33,TextElementMerger,0,0,0,0,0
33,VisualHeadingDetector,0,0,0,0,0
34,ConsecutivePageNumberClassifier,0,0,0,0,0
34,ContentClassifierV6,0,0,0,0,0
34,EarlyMetadataRemoverStep,0,0,0,0,0
34,EmptyElementClassifier,0,0,0,0,8
34,EnhancedClauseClassifierV6,0,0,0,0,181
34,EnhancedTOCDetector,0,0,0,0,0
34,FallbackTitleClassifier,0,0,0,0,0
34,HeadingClassifierV6,0,0,0,0,0
34,HierarchyBuilder,0,0,0,0,0
34,HtmlCommentRemoverStep,0,0,0,0,0
34,ImprovedMetadataRemoverv8,0,0,0,0,496
34,LateMetadataRemoverStep,0,0,0,0,0
34,LegalContentClassifierV6,0,0,0,0,0
34,MainTitleClassifierV6,0,0,0,0,0
34,OrphanAttacherStep,0,0,0,0,0
34,PageContinuationMerger,0,0,0,0,0
34,RepeatedHeaderFooterDetector,0,0,0,0,0
34,SmartSectionClassifierV6,0,0,0,0,0
34,TableClassifier,0,0,0,0,0
34,TableOfContentsClassifier,0,0,0,0,0
34,TableRootPromoter,0,0,0,0,0
34,TextClassifier,0,0,0,0,1809
34,TextElementMerger,0,0,0,0,0
34,VisualHeadingDetector,0,0,0,0,0
35,ConsecutivePageNumberClassifier,0,0,0,0,0
35,ContentClassifierV6,0,0,0,0,0
35,EarlyMetadataRemoverStep,0,0,0,0,0
35,EmptyElementClassifier,0,0,0,0,8
35,EnhancedClauseClassifierV6,0,0,0,0,181
35,EnhancedTOCDetector,0,0,0,0,0
35,FallbackTitleClassifier,0,0,0,0,0
35,HeadingClassifierV6,0,0,0,0,0
35,HierarchyBuilder,0,0,0,0,0
35,HtmlCommentRemoverStep,0,0,0,0,0
35,ImprovedMetadataRemoverv8,0,0,0,0,497
35,LateMetadataRemoverStep,0,0,0,0,0
35,LegalContentClassifierV6,0,0,0,0,0
35,MainTitleClassifierV6,0,0,0,0,0
35,OrphanAttacherStep,0,0,0,0,0
35,PageContinuationMerger,0,0,0,0,0
35,RepeatedHeaderFooterDetector,0,0,0,0,0
35,SmartSectionClassifierV6,0,0,0,0,0
35,TableClassifier,0,0,0,0,0
35,TableOfContentsClassifier,0,0,0,0,0
35,TableRootPromoter,0,0,0,0,0
35,TextClassifier,0,0,0,0,1809
35,TextElementMerger,0,0,0,0,0
35,VisualHeadingDetector,0,0,0,0,0
36,ConsecutivePageNumberClassifier,0,0,0,0,0
36,ContentClassifierV6,0,0,0,0,0
36,EarlyMetadataRemoverStep,0,0,0,0,0
36,EmptyElementClassifier,0,0,0,0,8
36,EnhancedClauseClassifierV6,0,0,0,0,181
36,EnhancedTOCDetector,0,0,0,0,0
36,FallbackTitleClassifier,0,0,0,0,0
36,HeadingClassifierV6,0,0,0,0,0
36,HierarchyBuilder,0,0,0,0,0
36,HtmlCommentRemoverStep,0,0,0,0,0
36,ImprovedMetadataRemoverv8,0,0,0,0,503
36,LateMetadataRemoverStep,0,0,0,0,0
36,LegalContentClassifierV6,0,0,0,0,0
36,MainTitleClassifierV6,0,0,0,0,0
36,OrphanAttacherStep,0,0,0,0,0
36,PageContinuationMerger,0,0,0,0,0
36,RepeatedHeaderFooterDetector,0,0,0,0,0
36,SmartSectionClassifierV6,0,0,0,0,0
36,TableClassifier,0,0,0,0,0
36,TableOfContentsClassifier,0,0,0,0,0
36,TableRootPromoter,0,0,0,0,0
36,TextClassifier,0,0,0,0,1858
36,TextElementMerger,0,0,0,0,0
36,VisualHeadingDetector,0,0,0,0,0
37,ConsecutivePageNumberClassifier,0,0,0,0,0
37,ContentClassifierV6,0,0,0,0,0
37,EarlyMetadataRemoverStep,0,0,0,0,0
37,EmptyElementClassifier,0,0,0,0,8
37,EnhancedClauseClassifierV6,0,0,0,0,181
37,EnhancedTOCDetector,0,0,0,0,0
37,FallbackTitleClassifier,0,0,0,0,0
37,HeadingClassifierV6,0,0,0,0,0
37,HierarchyBuilder,0,0,0,0,0
37,HtmlCommentRemoverStep,0,0,0,0,0
37,ImprovedMetadataRemoverv8,0,0,0,0,503
37,LateMetadataRemoverStep,0,0,0,0,0
37,LegalContentClassifierV6,0,0,0,0,0
37,MainTitleClassifierV6,0,0,0,0,0
37,OrphanAttacherStep,0,0,0,0,0
37,PageContinuationMerger,0,0,0,0,0
37,RepeatedHeaderFooterDetector,0,0,0,0,0
37,SmartSectionClassifierV6,0,0,0,0,0
37,TableClassifier,0,0,0,0,0
37,TableOfContentsClassifier,0,0,0,0,0
37,TableRootPromoter,0,0,0,0,0
37,TextClassifier,0,0,0,0,1858
37,TextElementMerger,0,0,0,0,0
37,VisualHeadingDetector,0,0,0,0,0
38,ConsecutivePageNumberClassifier,0,0,0,0,0
38,ContentClassifierV6,0,0,0,0,0
38,EarlyMetadataRemoverStep,0,0,0,0,0
38,EmptyElementClassifier,0,0,0,0,8
38,EnhancedClauseClassifierV6,0,0,0,0,192
38,EnhancedTOCDetector,0,0,0,0,0
38,FallbackTitleClassifier,0,0,0,0,0
38,HeadingClassifierV6,0,0,0,0,0
38,HierarchyBuilder,0,0,0,0,0
38,HtmlCommentRemoverStep,0,0,0,0,0
38,ImprovedMetadataRemoverv8,0,0,0,0,590
38,LateMetadataRemoverStep,0,0,0,0,0
38,LegalContentClassifierV6,0,0,0,0,0
38,MainTitleClassifierV6,0,0,0,0,0
38,OrphanAttacherStep,0,0,0,0,0
38,PageContinuationMerger,0,0,0,0,0
38,RepeatedHeaderFooterDetector,0,0,0,0,0
38,SmartSectionClassifierV6,0,0,0,0,0
38,TableClassifier,0,0,0,0,0
38,TableOfContentsClassifier,0,0,0,0,0
38,TableRootPromoter,0,0,0,0,0
38,TextClassifier,0,0,0,0,2011
38,TextElementMerger,0,0,0,0,0
38,VisualHeadingDetector,0,0,0,0,0
39,ConsecutivePageNumberClassifier,0,0,0,0,0
39,ContentClassifierV6,0,0,0,0,0
39,EarlyMetadataRemoverStep,0,0,0,0,0
39,EmptyElementClassifier,0,0,0,0,8
39,EnhancedClauseClassifierV6,0,0,0,0,192
39,EnhancedTOCDetector,0,0,0,0,0
39,FallbackTitleClassifier,0,0,0,0,0
39,HeadingClassifierV6,0,0,0,0,0
39,HierarchyBuilder,0,0,0,0,0
39,HtmlCommentRemoverStep,0,0,0,0,0
39,ImprovedMetadataRemoverv8,0,0,0,0,590
39,LateMetadataRemoverStep,0,0,0,0,0
39,LegalContentClassifierV6,0,0,0,0,0
39,MainTitleClassifierV6,0,0,0,0,0
39,OrphanAttacherStep,0,0,0,0,0
39,PageContinuationMerger,0,0,0,0,0
39,RepeatedHeaderFooterDetector,0,0,0,0,0
39,SmartSectionClassifierV6,0,0,0,0,0
39,TableClassifier,0,0,0,0,0
39,TableOfContentsClassifier,0,0,0,0,0
39,TableRootPromoter,0,0,0,0,0
39,TextClassifier,0,0,0,0,2013
39,TextElementMerger,0,0,0,0,0
39,VisualHeadingDetector,0,0,0,0,0
40,ConsecutivePageNumberClassifier,0,0,0,0,0
40,ContentClassifierV6,0,0,0,0,0
40,EarlyMetadataRemoverStep,0,0,0,0,0
40,EmptyElementClassifier,0,0,0,0,8
40,EnhancedClauseClassifierV6,0,0,0,0,192
40,EnhancedTOCDetector,0,0,0,0,0
40,FallbackTitleClassifier,0,0,0,0,0
40,HeadingClassifierV6,0,0,0,0,0
40,HierarchyBuilder,0,0,0,0,0
40,HtmlCommentRemoverStep,0,0,0,0,0
40,ImprovedMetadataRemoverv8,0,0,0,0,595
40,LateMetadataRemoverStep,0,0,0,0,0
40,LegalContentClassifierV6,0,0,0,0,0
40,MainTitleClassifierV6,0,0,0,0,0
40,OrphanAttacherStep,0,0,0,0,0
40,PageContinuationMerger,0,0,0,0,0
40,RepeatedHeaderFooterDetector,0,0,0,0,0
40,SmartSectionClassifierV6,0,0,0,0,0
40,TableClassifier,0,0,0,0,0
40,TableOfContentsClassifier,0,0,0,0,0
40,TableRootPromoter,0,0,0,0,0
40,TextClassifier,0,0,0,0,2023
40,TextElementMerger,0,0,0,0,0
40,VisualHeadingDetector,0,0,0,0,0
41,ConsecutivePageNumberClassifier,0,0,0,0,0
41,ContentClassifierV6,0,0,0,0,0
41,EarlyMetadataRemoverStep,0,0,0,0,0
41,EmptyElementClassifier,0,0,0,0,8
41,EnhancedClauseClassifierV6,0,0,0,0,192
41,EnhancedTOCDetector,0,0,0,0,0
41,FallbackTitleClassifier,0,0,0,0,0
41,HeadingClassifierV6,0,0,0,0,0
41,HierarchyBuilder,0,0,0,0,0
41,HtmlCommentRemoverStep,0,0,0,0,0
41,ImprovedMetadataRemoverv8,0,0,0,0,595
41,LateMetadataRemoverStep,0,0,0,0,0
41,LegalContentClassifierV6,0,0,0,0,0
41,MainTitleClassifierV6,0,0,0,0,0
41,OrphanAttacherStep,0,0,0,0,0
41,PageContinuationMerger,0,0,0,0,0
41,RepeatedHeaderFooterDetector,0,0,0,0,0
41,SmartSectionClassifierV6,0,0,0,0,0
41,TableClassifier,0,0,0,0,0
41,TableOfContentsClassifier,0,0,0,0,0
41,TableRootPromoter,0,0,0,0,0
41,TextClassifier,0,0,0,0,2023
41,TextElementMerger,0,0,0,0,0
41,VisualHeadingDetector,0,0,0,0,0
42,ConsecutivePageNumberClassifier,0,0,0,0,0
42,ContentClassifierV6,0,0,0,0,0
42,EarlyMetadataRemoverStep,0,0,0,0,0
42,EmptyElementClassifier,0,0,0,0,8
42,EnhancedClauseClassifierV6,0,0,0,0,194
42,EnhancedTOCDetector,0,0,0,0,0
42,FallbackTitleClassifier,0,0,0,0,0
42,HeadingClassifierV6,0,0,0,0,0
42,HierarchyBuilder,0,0,0,0,0
42,HtmlCommentRemoverStep,0,0,0,0,0
42,ImprovedMetadataRemoverv8,0,0,0,0,613
42,LateMetadataRemoverStep,0,0,0,0,0
42,LegalContentClassifierV6,0,0,0,0,0
42,MainTitleClassifierV6,0,0,0,0,0
42,OrphanAttacherStep,0,0,0,0,0
42,PageContinuationMerger,0,0,0,0,0
42,RepeatedHeaderFooterDetector,0,0,0,0,0
42,SmartSectionClassifierV6,0,0,0,0,0
42,TableClassifier,0,0,0,0,0
42,TableOfContentsClassifier,0,0,0,0,0
42,TableRootPromoter,0,0,0,0,0
42,TextClassifier,0,0,0,0,2043
42,TextElementMerger,0,0,0,0,0
42,VisualHeadingDetector,0,0,0,0,0
43,ConsecutivePageNumberClassifier,0,0,0,0,0
43,ContentClassifierV6,0,0,0,0,0
43,EarlyMetadataRemoverStep,0,0,0,0,0
43,EmptyElementClassifier,0,0,0,0,8
43,EnhancedClauseClassifierV6,0,0,0,0,194
43,EnhancedTOCDetector,0,0,0,0,0
43,FallbackTitleClassifier,0,0,0,0,0
43,HeadingClassifierV6,0,0,0,0,0
43,HierarchyBuilder,0,0,0,0,0
43,HtmlCommentRemoverStep,0,0,0,0,0
43,ImprovedMetadataRemoverv8,0,0,0,0,613
43,LateMetadataRemoverStep,0,0,0,0,0
43,LegalContentClassifierV6,0,0,0,0,0
43,MainTitleClassifierV6,0,0,0,0,0
43,OrphanAttacherStep,0,0,0,0,0
43,PageContinuationMerger,0,0,0,0,0
43,RepeatedHeaderFooterDetector,0,0,0,0,0
43,SmartSectionClassifierV6,0,0,0,0,0
43,TableClassifier,0,0,0,0,0
43,TableOfContentsClassifier,0,0,0,0,0
43,TableRootPromoter,0,0,0,0,0
43,TextClassifier,0,0,0,0,2056
43,TextElementMerger,0,0,0,0,0
43,VisualHeadingDetector,0,0,0,0,0
44,ConsecutivePageNumberClassifier,0,0,0,0,0
44,ContentClassifierV6,0,0,0,0,0
44,EarlyMetadataRemoverStep,0,0,0,0,0
44,EmptyElementClassifier,0,0,0,0,8
44,EnhancedClauseClassifierV6,0,0,0,0,194
44,EnhancedTOCDetector,0,0,0,0,0
44,FallbackTitleClassifier,0,0,0,0,0
44,HeadingClassifierV6,0,0,0,0,0
44,HierarchyBuilder,0,0,0,0,0
44,HtmlCommentRemoverStep,0,0,0,0,0
44,ImprovedMetadataRemoverv8,0,0,0,0,638
44,LateMetadataRemoverStep,0,0,0,0,0
44,LegalContentClassifierV6,0,0,0,0,0
44,MainTitleClassifierV6,0,0,0,0,0
44,OrphanAttacherStep,0,0,0,0,0
44,PageContinuationMerger,0,0,0,0,0
44,RepeatedHeaderFooterDetector,0,0,0,0,0
44,SmartSectionClassifierV6,0,0,0,0,0
44,TableClassifier,0,0,0,0,0
44,TableOfContentsClassifier,0,0,0,0,0
44,TableRootPromoter,0,0,0,0,0
44,TextClassifier,0,0,0,0,2145
44,TextElementMerger,0,0,0,0,0
44,VisualHeadingDetector,0,0,0,0,0
45,ConsecutivePageNumberClassifier,0,0,0,0,0
45,ContentClassifierV6,0,0,0,0,0
45,EarlyMetadataRemoverStep,0,0,0,0,0
45,EmptyElementClassifier,0,0,0,0,8
45,EnhancedClauseClassifierV6,0,0,0,0,197
45,EnhancedTOCDetector,0,0,0,0,0
45,FallbackTitleClassifier,0,0,0,0,0
45,HeadingClassifierV6,0,0,0,0,0
45,HierarchyBuilder,0,0,0,0,0
45,HtmlCommentRemoverStep,0,0,0,0,0
45,ImprovedMetadataRemoverv8,0,0,0,0,668
45,LateMetadataRemoverStep,0,0,0,0,0
45,LegalContentClassifierV6,0,0,0,0,0
45,MainTitleClassifierV6,0,0,0,0,0
45,OrphanAttacherStep,0,0,0,0,0
45,PageContinuationMerger,0,0,0,0,0
45,RepeatedHeaderFooterDetector,0,0,0,0,0
45,SmartSectionClassifierV6,0,0,0,0,0
45,TableClassifier,0,0,0,0,0
45,TableOfContentsClassifier,0,0,0,0,0
45,TableRootPromoter,0,0,0,0,0
45,TextClassifier,0,0,0,0,2223
45,TextElementMerger,0,0,0,0,0
45,VisualHeadingDetector,0,0,0,0,0
46,ConsecutivePageNumberClassifier,0,0,0,0,0
46,ContentClassifierV6,0,0,0,0,0
46,EarlyMetadataRemoverStep,0,0,0,0,0
46,EmptyElementClassifier,0,0,0,0,8
46,EnhancedClauseClassifierV6,0,0,0,0,200
46,EnhancedTOCDetector,0,0,0,0,0
46,FallbackTitleClassifier,0,0,0,0,0
46,HeadingClassifierV6,0,0,0,0,0
46,HierarchyBuilder,0,0,0,0,0
46,HtmlCommentRemoverStep,0,0,0,0,0
46,ImprovedMetadataRemoverv8,0,0,0,0,677
46,LateMetadataRemoverStep,0,0,0,0,0
46,LegalContentClassifierV6,0,0,0,0,0
46,MainTitleClassifierV6,0,0,0,0,0
46,OrphanAttacherStep,0,0,0,0,0
46,PageContinuationMerger,0,0,0,0,0
46,RepeatedHeaderFooterDetector,0,0,0,0,0
46,SmartSectionClassifierV6,0,0,0,0,0
46,TableClassifier,0,0,0,0,0
46,TableOfContentsClassifier,0,0,0,0,0
46,TableRootPromoter,0,0,0,0,0
46,TextClassifier,0,0,0,0,2298
46,TextElementMerger,0,0,0,0,0
46,VisualHeadingDetector,0,0,0,0,0
47,ConsecutivePageNumberClassifier,0,0,0,0,0
47,ContentClassifierV6,0,0,0,0,0
47,EarlyMetadataRemoverStep,0,0,0,0,0
47,EmptyElementClassifier,0,0,0,0,8
47,EnhancedClauseClassifierV6,0,0,0,0,203
47,EnhancedTOCDetector,0,0,0,0,0
47,FallbackTitleClassifier,0,0,0,0,0
47,HeadingClassifierV6,0,0,0,0,0
47,HierarchyBuilder,0,0,0,0,0
47,HtmlCommentRemoverStep,0,0,0,0,0
47,ImprovedMetadataRemoverv8,0,0,0,0,677
47,LateMetadataRemoverStep,0,0,0,0,0
47,LegalContentClassifierV6,0,0,0,0,0
47,MainTitleClassifierV6,0,0,0,0,0
47,OrphanAttacherStep,0,0,0,0,0
47,PageContinuationMerger,0,0,0,0,0
47,RepeatedHeaderFooterDetector,0,0,0,0,0
47,SmartSectionClassifierV6,0,0,0,0,0
47,TableClassifier,0,0,0,0,0
47,TableOfContentsClassifier,0,0,0,0,0
47,TableRootPromoter,0,0,0,0,0
47,TextClassifier,0,0,0,0,2485
47,TextElementMerger,0,0,0,0,0
47,VisualHeadingDetector,0,0,0,0,0
48,ConsecutivePageNumberClassifier,0,0,0,0,0
48,ContentClassifierV6,0,0,0,0,0
48,EarlyMetadataRemoverStep,0,0,0,0,0
48,EmptyElementClassifier,0,0,0,0,8
48,EnhancedClauseClassifierV6,0,0,0,0,203
48,EnhancedTOCDetector,0,0,0,0,0
48,FallbackTitleClassifier,0,0,0,0,0
48,HeadingClassifierV6,0,0,0,0,0
48,HierarchyBuilder,0,0,0,0,0
48,HtmlCommentRemoverStep,0,0,0,0,0
48,ImprovedMetadataRemoverv8,0,0,0,0,677
48,LateMetadataRemoverStep,0,0,0,0,0
48,LegalContentClassifierV6,0,0,0,0,0
48,MainTitleClassifierV6,0,0,0,0,0
48,OrphanAttacherStep,0,0,0,0,0
48,PageContinuationMerger,0,0,0,0,0
48,RepeatedHeaderFooterDetector,0,0,0,0,0
48,SmartSectionClassifierV6,0,0,0,0,0
48,TableClassifier,0,0,0,0,0
48,TableOfContentsClassifier,0,0,0,0,0
48,TableRootPromoter,0,0,0,0,0
48,TextClassifier,0,0,0,0,2496
48,TextElementMerger,0,0,0,0,0
48,VisualHeadingDetector,0,0,0,0,0
49,ConsecutivePageNumberClassifier,0,0,0,0,0
49,ContentClassifierV6,0,0,0,0,0
49,EarlyMetadataRemoverStep,0,0,0,0,0
49,EmptyElementClassifier,0,0,0,0,8
49,EnhancedClauseClassifierV6,0,0,0,0,203
49,EnhancedTOCDetector,0,0,0,0,0
49,FallbackTitleClassifier,0,0,0,0,0
49,HeadingClassifierV6,0,0,0,0,0
49,HierarchyBuilder,0,0,0,0,0
49,HtmlCommentRemoverStep,0,0,0,0,0
49,ImprovedMetadataRemoverv8,0,0,0,0,677
49,LateMetadataRemoverStep,0,0,0,0,0
49,LegalContentClassifierV6,0,0,0,0,0
49,MainTitleClassifierV6,0,0,0,0,0
49,OrphanAttacherStep,0,0,0,0,0
49,PageContinuationMerger,0,0,0,0,0
49,RepeatedHeaderFooterDetector,0,0,0,0,0
49,SmartSectionClassifierV6,0,0,0,0,0
49,TableClassifier,0,0,0,0,0
49,TableOfContentsClassifier,0,0,0,0,0
49,TableRootPromoter,0,0,0,0,0
49,TextClassifier,0,0,0,0,2526
49,TextElementMerger,0,0,0,0,0
49,VisualHeadingDetector,0,0,0,0,0
50,ConsecutivePageNumberClassifier,0,0,0,0,0
50,ContentClassifierV6,0,0,0,0,0
50,EarlyMetadataRemoverStep,0,0,0,0,0
50,EmptyElementClassifier,0,0,0,0,8
50,EnhancedClauseClassifierV6,0,0,0,0,203
50,EnhancedTOCDetector,0,0,0,0,0
50,FallbackTitleClassifier,0,0,0,0,0
50,HeadingClassifierV6,0,0,0,0,0
50,HierarchyBuilder,0,0,0,0,0
50,HtmlCommentRemoverStep,0,0,0,0,0
50,ImprovedMetadataRemoverv8,0,0,0,0,689
50,LateMetadataRemoverStep,0,0,0,0,0
50,LegalContentClassifierV6,0,0,0,0,0
50,MainTitleClassifierV6,0,0,0,0,0
50,OrphanAttacherStep,0,0,0,0,0
50,PageContinuationMerger,0,0,0,0,0
50,RepeatedHeaderFooterDetector,0,0,0,0,0
50,SmartSectionClassifierV6,0,0,0,0,0
50,TableClassifier,0,0,0,0,0
50,TableOfContentsClassifier,0,0,0,0,0
50,TableRootPromoter,0,0,0,0,0
50,TextClassifier,0,0,0,0,2597
50,TextElementMerger,0,0,0,0,0
50,VisualHeadingDetector,0,0,0,0,0
51,ConsecutivePageNumberClassifier,0,0,0,0,0
51,ContentClassifierV6,0,0,0,0,0
51,EarlyMetadataRemoverStep,0,0,0,0,0
51,EmptyElementClassifier,0,0,0,0,8
51,EnhancedClauseClassifierV6,0,0,0,0,203
51,EnhancedTOCDetector,0,0,0,0,0
51,FallbackTitleClassifier,0,0,0,0,0
51,HeadingClassifierV6,0,0,0,0,0
51,HierarchyBuilder,0,0,0,0,0
51,HtmlCommentRemoverStep,0,0,0,0,0
51,ImprovedMetadataRemoverv8,0,0,0,0,702
51,LateMetadataRemoverStep,0,0,0,0,0
51,LegalContentClassifierV6,0,0,0,0,0
51,MainTitleClassifierV6,0,0,0,0,0
51,OrphanAttacherStep,0,0,0,0,0
51,PageContinuationMerger,0,0,0,0,0
51,RepeatedHeaderFooterDetector,0,0,0,0,0
51,SmartSectionClassifierV6,0,0,0,0,0
51,TableClassifier,0,0,0,0,0
51,TableOfContentsClassifier,0,0,0,0,0
51,TableRootPromoter,0,0,0,0,0
51,TextClassifier,0,0,0,0,2664
51,TextElementMerger,0,0,0,0,0
51,VisualHeadingDetector,0,0,0,0,0
52,ConsecutivePageNumberClassifier,0,0,0,0,0
52,ContentClassifierV6,0,0,0,0,0
52,EarlyMetadataRemoverStep,0,0,0,0,0
52,EmptyElementClassifier,0,0,0,0,8
52,EnhancedClauseClassifierV6,0,0,0,0,203
52,EnhancedTOCDetector,0,0,0,0,0
52,FallbackTitleClassifier,0,0,0,0,0
52,HeadingClassifierV6,0,0,0,0,0
52,HierarchyBuilder,0,0,0,0,0
52,HtmlCommentRemoverStep,0,0,0,0,0
52,ImprovedMetadataRemoverv8,0,0,0,0,702
52,LateMetadataRemoverStep,0,0,0,0,0
52,LegalContentClassifierV6,0,0,0,0,0
52,MainTitleClassifierV6,0,0,0,0,0
52,OrphanAttacherStep,0,0,0,0,0
52,PageContinuationMerger,0,0,0,0,0
52,RepeatedHeaderFooterDetector,0,0,0,0,0
52,SmartSectionClassifierV6,0,0,0,0,0
52,TableClassifier,0,0,0,0,0
52,TableOfContentsClassifier,0,0,0,0,0
52,TableRootPromoter,0,0,0,0,0
52,TextClassifier,0,0,0,0,2678
52,TextElementMerger,0,0,0,0,0
52,VisualHeadingDetector,0,0,0,0,0
53,ConsecutivePageNumberClassifier,0,0,0,0,0
53,ContentClassifierV6,0,0,0,0,0
53,EarlyMetadataRemoverStep,0,0,0,0,0
53,EmptyElementClassifier,0,0,0,0,8
53,EnhancedClauseClassifierV6,0,0,0,0,203
53,EnhancedTOCDetector,0,0,0,0,0
53,FallbackTitleClassifier,0,0,0,0,0
53,HeadingClassifierV6,0,0,0,0,0
53,HierarchyBuilder,0,0,0,0,0
53,HtmlCommentRemoverStep,0,0,0,0,0
53,ImprovedMetadataRemoverv8,0,0,0,0,702
53,LateMetadataRemoverStep,0,0,0,0,0
53,LegalContentClassifierV6,0,0,0,0,0
53,MainTitleClassifierV6,0,0,0,0,0
53,OrphanAttacherStep,0,0,0,0,0
53,PageContinuationMerger,0,0,0,0,0
53,RepeatedHeaderFooterDetector,0,0,0,0,0
53,SmartSectionClassifierV6,0,0,0,0,0
53,TableClassifier,0,0,0,0,0
53,TableOfContentsClassifier,0,0,0,0,0
53,TableRootPromoter,0,0,0,0,0
53,TextClassifier,0,0,0,0,2678
53,TextElementMerger,0,0,0,0,0
53,VisualHeadingDetector,0,0,0,0,0
54,ConsecutivePageNumberClassifier,0,0,0,0,0
54,ContentClassifierV6,0,0,0,0,0
54,EarlyMetadataRemoverStep,0,0,0,0,0
54,EmptyElementClassifier,0,0,0,0,8
54,EnhancedClauseClassifierV6,0,0,0,0,225
54,EnhancedTOCDetector,0,0,0,0,0
54,FallbackTitleClassifier,0,0,0,0,0
54,HeadingClassifierV6,0,0,0,0,0
54,HierarchyBuilder,0,0,0,0,0
54,HtmlCommentRemoverStep,0,0,0,0,0
54,ImprovedMetadataRemoverv8,0,0,0,0,801
54,LateMetadataRemoverStep,0,0,0,0,0
54,LegalContentClassifierV6,0,0,0,0,0
54,MainTitleClassifierV6,0,0,0,0,0
54,OrphanAttacherStep,0,0,0,0,0
54,PageContinuationMerger,0,0,0,0,0
54,RepeatedHeaderFooterDetector,0,0,0,0,0
54,SmartSectionClassifierV6,0,0,0,0,0
54,TableClassifier,0,0,0,0,0
54,TableOfContentsClassifier,0,0,0,0,0
54,TableRootPromoter,0,0,0,0,0
54,TextClassifier,0,0,0,0,2813
54,TextElementMerger,0,0,0,0,0
54,VisualHeadingDetector,0,0,0,0,0
55,ConsecutivePageNumberClassifier,0,0,0,0,0
55,ContentClassifierV6,0,0,0,0,0
55,EarlyMetadataRemoverStep,0,0,0,0,0
55,EmptyElementClassifier,0,0,0,0,8
55,EnhancedClauseClassifierV6,0,0,0,0,225
55,EnhancedTOCDetector,0,0,0,0,0
55,FallbackTitleClassifier,0,0,0,0,0
55,HeadingClassifierV6,0,0,0,0,0
55,HierarchyBuilder,0,0,0,0,0
55,HtmlCommentRemoverStep,0,0,0,0,0
55,ImprovedMetadataRemoverv8,0,0,0,0,801
55,LateMetadataRemoverStep,0,0,0,0,0
55,LegalContentClassifierV6,0,0,0,0,0
55,MainTitleClassifierV6,0,0,0,0,0
55,OrphanAttacherStep,0,0,0,0,0
55,PageContinuationMerger,0,0,0,0,0
55,RepeatedHeaderFooterDetector,0,0,0,0,0
55,SmartSectionClassifierV6,0,0,0,0,0
55,TableClassifier,0,0,0,0,0
55,TableOfContentsClassifier,0,0,0,0,0
55,TableRootPromoter,0,0,0,0,0
55,TextClassifier,0,0,0,0,2829
55,TextElementMerger,0,0,0,0,0
55,VisualHeadingDetector,0,0,0,0,0
56,ConsecutivePageNumberClassifier,0,0,0,0,0
56,ContentClassifierV6,0,0,0,0,0
56,EarlyMetadataRemoverStep,0,0,0,0,0
56,EmptyElementClassifier,0,0,0,0,8
56,EnhancedClauseClassifierV6,0,0,0,0,225
56,EnhancedTOCDetector,0,0,0,0,0
56,FallbackTitleClassifier,0,0,0,0,0
56,HeadingClassifierV6,0,0,0,0,0
56,HierarchyBuilder,0,0,0,0,0
56,HtmlCommentRemoverStep,0,0,0,0,0
56,ImprovedMetadataRemoverv8,0,0,0,0,839
56,LateMetadataRemoverStep,0,0,0,0,0
56,LegalContentClassifierV6,0,0,0,0,0
56,MainTitleClassifierV6,0,0,0,0,0
56,OrphanAttacherStep,0,0,0,0,0
56,PageContinuationMerger,0,0,0,0,0
56,RepeatedHeaderFooterDetector,0,0,0,0,0
56,SmartSectionClassifierV6,0,0,0,0,0
56,TableClassifier,0,0,0,0,0
56,TableOfContentsClassifier,0,0,0,0,0
56,TableRootPromoter,0,0,0,0,0
56,TextClassifier,0,0,0,0,2997
56,TextElementMerger,0,0,0,0,0
56,VisualHeadingDetector,0,0,0,0,0
57,ConsecutivePageNumberClassifier,0,0,0,0,0
57,ContentClassifierV6,0,0,0,0,0
57,EarlyMetadataRemoverStep,0,0,0,0,0
57,EmptyElementClassifier,0,0,0,0,8
57,EnhancedClauseClassifierV6,0,0,0,0,227
57,EnhancedTOCDetector,0,0,0,0,0
57,FallbackTitleClassifier,0,0,0,0,0
57,HeadingClassifierV6,0,0,0,0,0
57,HierarchyBuilder,0,0,0,0,0
57,HtmlCommentRemoverStep,0,0,0,0,0
57,ImprovedMetadataRemoverv8,0,0,0,0,849
57,LateMetadataRemoverStep,0,0,0,0,0
57,LegalContentClassifierV6,0,0,0,0,0
57,MainTitleClassifierV6,0,0,0,0,0
57,OrphanAttacherStep,0,0,0,0,0
57,PageContinuationMerger,0,0,0,0,0
57,RepeatedHeaderFooterDetector,0,0,0,0,0
57,SmartSectionClassifierV6,0,0,0,0,0
57,TableClassifier,0,0,0,0,0
57,TableOfContentsClassifier,0,0,0,0,0
57,TableRootPromoter,0,0,0,0,0
57,TextClassifier,0,0,0,0,3049
57,TextElementMerger,0,0,0,0,0
57,VisualHeadingDetector,0,0,0,0,0
58,ConsecutivePageNumberClassifier,0,0,0,0,0
58,ContentClassifierV6,0,0,0,0,0
58,EarlyMetadataRemoverStep,0,0,0,0,0
58,EmptyElementClassifier,0,0,0,0,8
58,EnhancedClauseClassifierV6,0,0,0,0,232
58,EnhancedTOCDetector,0,0,0,0,0
58,FallbackTitleClassifier,0,0,0,0,0
58,HeadingClassifierV6,0,0,0,0,0
58,HierarchyBuilder,0,0,0,0,0
58,HtmlCommentRemoverStep,0,0,0,0,0
58,ImprovedMetadataRemoverv8,0,0,0,0,849
58,LateMetadataRemoverStep,0,0,0,0,0
58,LegalContentClassifierV6,0,0,0,0,0
58,MainTitleClassifierV6,0,0,0,0,0
58,OrphanAttacherStep,0,0,0,0,0
58,PageContinuationMerger,0,0,0,0,0
58,RepeatedHeaderFooterDetector,0,0,0,0,0
58,SmartSectionClassifierV6,0,0,0,0,0
58,TableClassifier,0,0,0,0,0
58,TableOfContentsClassifier,0,0,0,0,0
58,TableRootPromoter,0,0,0,0,0
58,TextClassifier,0,0,0,0,3085
58,TextElementMerger,0,0,0,0,0
58,VisualHeadingDetector,0,0,0,0,0
59,ConsecutivePageNumberClassifier,0,0,0,0,0
59,ContentClassifierV6,0,0,0,0,0
59,EarlyMetadataRemoverStep,0,0,0,0,0
59,EmptyElementClassifier,0,0,0,0,8
59,EnhancedClauseClassifierV6,0,0,0,0,232
59,EnhancedTOCDetector,0,0,0,0,0
59,FallbackTitleClassifier,0,0,0,0,0
59,HeadingClassifierV6,0,0,0,0,0
59,HierarchyBuilder,0,0,0,0,0
59,HtmlCommentRemoverStep,0,0,0,0,0
59,ImprovedMetadataRemoverv8,0,0,0,0,849
59,LateMetadataRemoverStep,0,0,0,0,0
59,LegalContentClassifierV6,0,0,0,0,0
59,MainTitleClassifierV6,0,0,0,0,0
59,OrphanAttacherStep,0,0,0,0,0
59,PageContinuationMerger,0,0,0,0,0
59,RepeatedHeaderFooterDetector,0,0,0,0,0
59,SmartSectionClassifierV6,0,0,0,0,0
59,TableClassifier,0,0,0,0,0
59,TableOfContentsClassifier,0,0,0,0,0
59,TableRootPromoter,0,0,0,0,0
59,TextClassifier,0,0,0,0,3085
59,TextElementMerger,0,0,0,0,0
59,VisualHeadingDetector,0,0,0,0,0
60,ConsecutivePageNumberClassifier,0,0,0,0,0
60,ContentClassifierV6,0,0,0,0,0
60,EarlyMetadataRemoverStep,0,0,0,0,0
60,EmptyElementClassifier,0,0,0,0,8
60,EnhancedClauseClassifierV6,0,0,0,0,235
60,EnhancedTOCDetector,0,0,0,0,0
60,FallbackTitleClassifier,0,0,0,0,0
60,HeadingClassifierV6,0,0,0,0,0
60,HierarchyBuilder,0,0,0,0,0
60,HtmlCommentRemoverStep,0,0,0,0,0
60,ImprovedMetadataRemoverv8,0,0,0,0,862
60,LateMetadataRemoverStep,0,0,0,0,0
60,LegalContentClassifierV6,0,0,0,0,0
60,MainTitleClassifierV6,0,0,0,0,0
60,OrphanAttacherStep,0,0,0,0,0
60,PageContinuationMerger,0,0,0,0,0
60,RepeatedHeaderFooterDetector,0,0,0,0,0
60,SmartSectionClassifierV6,0,0,0,0,0
60,TableClassifier,0,0,0,0,0
60,TableOfContentsClassifier,0,0,0,0,0
60,TableRootPromoter,0,0,0,0,0
60,TextClassifier,0,0,0,0,3177
60,TextElementMerger,0,0,0,0,0
60,VisualHeadingDetector,0,0,0,0,0
61,ConsecutivePageNumberClassifier,0,0,0,0,0
61,ContentClassifierV6,0,0,0,0,0
61,EarlyMetadataRemoverStep,0,0,0,0,0
61,EmptyElementClassifier,0,0,0,0,8
61,EnhancedClauseClassifierV6,0,0,0,0,242
61,EnhancedTOCDetector,0,0,0,0,0
61,FallbackTitleClassifier,0,0,0,0,0
61,HeadingClassifierV6,0,0,0,0,0
61,HierarchyBuilder,0,0,0,0,0
61,HtmlCommentRemoverStep,0,0,0,0,0
61,ImprovedMetadataRemoverv8,0,0,0,0,869
61,LateMetadataRemoverStep,0,0,0,0,0
61,LegalContentClassifierV6,0,0,0,0,0
61,MainTitleClassifierV6,0,0,0,0,0
61,OrphanAttacherStep,0,0,0,0,0
61,PageContinuationMerger,0,0,0,0,0
61,RepeatedHeaderFooterDetector,0,0,0,0,0
61,SmartSectionClassifierV6,0,0,0,0,0
61,TableClassifier,0,0,0,0,0
61,TableOfContentsClassifier,0,0,0,0,0
61,TableRootPromoter,0,0,0,0,0
61,TextClassifier,0,0,0,0,3177
61,TextElementMerger,0,0,0,0,0
61,VisualHeadingDetector,0,0,0,0,0
62,ConsecutivePageNumberClassifier,0,0,0,0,0
62,ContentClassifierV6,0,0,0,0,0
62,EarlyMetadataRemoverStep,0,0,0,0,0
62,EmptyElementClassifier,0,0,0,0,8
62,EnhancedClauseClassifierV6,0,0,0,0,242
62,EnhancedTOCDetector,0,0,0,0,0
62,FallbackTitleClassifier,0,0,0,0,0
62,HeadingClassifierV6,0,0,0,0,0
62,HierarchyBuilder,0,0,0,0,0
62,HtmlCommentRemoverStep,0,0,0,0,0
62,ImprovedMetadataRemoverv8,0,0,0,0,879
62,LateMetadataRemoverStep,0,0,0,0,0
62,LegalContentClassifierV6,0,0,0,0,0
62,MainTitleClassifierV6,0,0,0,0,0
62,OrphanAttacherStep,0,0,0,0,0
62,PageContinuationMerger,0,0,0,0,0
62,RepeatedHeaderFooterDetector,0,0,0,0,0
62,SmartSectionClassifierV6,0,0,0,0,0
62,TableClassifier,0,0,0,0,0
62,TableOfContentsClassifier,0,0,0,0,0
62,TableRootPromoter,0,0,0,0,0
62,TextClassifier,0,0,0,0,3225
62,TextElementMerger,0,0,0,0,0
62,VisualHeadingDetector,0,0,0,0,0
63,ConsecutivePageNumberClassifier,0,0,0,0,0
63,ContentClassifierV6,0,0,0,0,0
63,EarlyMetadataRemoverStep,0,0,0,0,0
63,EmptyElementClassifier,0,0,0,0,8
63,EnhancedClauseClassifierV6,0,0,0,0,261
63,EnhancedTOCDetector,0,0,0,0,0
63,FallbackTitleClassifier,0,0,0,0,0
63,HeadingClassifierV6,0,0,0,0,0
63,HierarchyBuilder,0,0,0,0,0
63,HtmlCommentRemoverStep,0,0,0,0,0
63,ImprovedMetadataRemoverv8,0,0,0,0,898
63,LateMetadataRemoverStep,0,0,0,0,0
63,LegalContentClassifierV6,0,0,0,0,0
63,MainTitleClassifierV6,0,0,0,0,0
63,OrphanAttacherStep,0,0,0,0,0
63,PageContinuationMerger,0,0,0,0,0
63,RepeatedHeaderFooterDetector,0,0,0,0,0
63,SmartSectionClassifierV6,0,0,0,0,0
63,TableClassifier,0,0,0,0,0
63,TableOfContentsClassifier,0,0,0,0,0
63,TableRootPromoter,0,0,0,0,0
63,TextClassifier,0,0,0,0,3573
63,TextElementMerger,0,0,0,0,0
63,VisualHeadingDetector,0,0,0,0,0
64,ConsecutivePageNumberClassifier,0,0,0,0,0
64,ContentClassifierV6,0,0,0,0,0
64,EarlyMetadataRemoverStep,0,0,0,0,0
64,EmptyElementClassifier,0,0,0,0,8
64,EnhancedClauseClassifierV6,0,0,0,0,261
64,EnhancedTOCDetector,0,0,0,0,0
64,FallbackTitleClassifier,0,0,0,0,0
64,HeadingClassifierV6,0,0,0,0,0
64,HierarchyBuilder,0,0,0,0,0
64,HtmlCommentRemoverStep,0,0,0,0,0
64,ImprovedMetadataRemoverv8,0,0,0,0,905
64,LateMetadataRemoverStep,0,0,0,0,0
64,LegalContentClassifierV6,0,0,0,0,0
64,MainTitleClassifierV6,0,0,0,0,0
64,OrphanAttacherStep,0,0,0,0,0
64,PageContinuationMerger,0,0,0,0,0
64,RepeatedHeaderFooterDetector,0,0,0,0,0
64,SmartSectionClassifierV6,0,0,0,0,0
64,TableClassifier,0,0,0,0,0
64,TableOfContentsClassifier,0,0,0,0,0
64,TableRootPromoter,0,0,0,0,0
64,TextClassifier,0,0,0,0,3582
64,TextElementMerger,0,0,0,0,0
64,VisualHeadingDetector,0,0,0,0,0
65,ConsecutivePageNumberClassifier,0,0,0,0,0
65,ContentClassifierV6,0,0,0,0,0
65,EarlyMetadataRemoverStep,0,0,0,0,0
65,EmptyElementClassifier,0,0,0,0,8
65,EnhancedClauseClassifierV6,0,0,0,0,266
65,EnhancedTOCDetector,0,0,0,0,0
65,FallbackTitleClassifier,0,0,0,0,0
65,HeadingClassifierV6,0,0,0,0,0
65,HierarchyBuilder,0,0,0,0,0
65,HtmlCommentRemoverStep,0,0,0,0,0
65,ImprovedMetadataRemoverv8,0,0,0,0,923
65,LateMetadataRemoverStep,0,0,0,0,0
65,LegalContentClassifierV6,0,0,0,0,0
65,MainTitleClassifierV6,0,0,0,0,0
65,OrphanAttacherStep,0,0,0,0,0
65,PageContinuationMerger,0,0,0,0,0
65,RepeatedHeaderFooterDetector,0,0,0,0,0
65,SmartSectionClassifierV6,0,0,0,0,0
65,TableClassifier,0,0,0,0,0
65,TableOfContentsClassifier,0,0,0,0,0
65,TableRootPromoter,0,0,0,0,0
65,TextClassifier,0,0,0,0,3663
65,TextElementMerger,0,0,0,0,0
65,VisualHeadingDetector,0,0,0,0,0
66,ConsecutivePageNumberClassifier,0,0,0,0,0
66,ContentClassifierV6,0,0,0,0,0
66,EarlyMetadataRemoverStep,0,0,0,0,0
66,EmptyElementClassifier,0,0,0,0,8
66,EnhancedClauseClassifierV6,0,0,0,0,268
66,EnhancedTOCDetector,0,0,0,0,0
66,FallbackTitleClassifier,0,0,0,0,0
66,HeadingClassifierV6,0,0,0,0,0
66,HierarchyBuilder,0,0,0,0,0
66,HtmlCommentRemoverStep,0,0,0,0,0
66,ImprovedMetadataRemoverv8,0,0,0,0,923
66,LateMetadataRemoverStep,0,0,0,0,0
66,LegalContentClassifierV6,0,0,0,0,0
66,MainTitleClassifierV6,0,0,0,0,0
66,OrphanAttacherStep,0,0,0,0,0
66,PageContinuationMerger,0,0,0,0,0
66,RepeatedHeaderFooterDetector,0,0,0,0,0
66,SmartSectionClassifierV6,0,0,0,0,0
66,TableClassifier,0,0,0,0,0
66,TableOfContentsClassifier,0,0,0,0,0
66,TableRootPromoter,0,0,0,0,0
66,TextClassifier,0,0,0,0,3675
66,TextElementMerger,0,0,0,0,0
66,VisualHeadingDetector,0,0,0,0,0
67,ConsecutivePageNumberClassifier,0,0,0,0,0
67,ContentClassifierV6,0,0,0,0,0
67,EarlyMetadataRemoverStep,0,0,0,0,0
67,EmptyElementClassifier,0,0,0,0,8
67,EnhancedClauseClassifierV6,0,0,0,0,269
67,EnhancedTOCDetector,0,0,0,0,0
67,FallbackTitleClassifier,0,0,0,0,0
67,HeadingClassifierV6,0,0,0,0,0
67,HierarchyBuilder,0,0,0,0,0
67,HtmlCommentRemoverStep,0,0,0,0,0
67,ImprovedMetadataRemoverv8,0,0,0,0,925
67,LateMetadataRemoverStep,0,0,0,0,0
67,LegalContentClassifierV6,0,0,0,0,0
67,MainTitleClassifierV6,0,0,0,0,0
67,OrphanAttacherStep,0,0,0,0,0
67,PageContinuationMerger,0,0,0,0,0
67,RepeatedHeaderFooterDetector,0,0,0,0,0
67,SmartSectionClassifierV6,0,0,0,0,0
67,TableClassifier,0,0,0,0,0
67,TableOfContentsClassifier,0,0,0,0,0
67,TableRootPromoter,0,0,0,0,0
67,TextClassifier,0,0,0,0,3756
67,TextElementMerger,0,0,0,0,0
67,VisualHeadingDetector,0,0,0,0,0
68,ConsecutivePageNumberClassifier,0,0,0,0,0
68,ContentClassifierV6,0,0,0,0,0
68,EarlyMetadataRemoverStep,0,0,0,0,0
68,EmptyElementClassifier,0,0,0,0,8
68,EnhancedClauseClassifierV6,0,0,0,0,269
68,EnhancedTOCDetector,0,0,0,0,0
68,FallbackTitleClassifier,0,0,0,0,0
68,HeadingClassifierV6,0,0,0,0,0
68,HierarchyBuilder,0,0,0,0,0
68,HtmlCommentRemoverStep,0,0,0,0,0
68,ImprovedMetadataRemoverv8,0,0,0,0,965
68,LateMetadataRemoverStep,0,0,0,0,0
68,LegalContentClassifierV6,0,0,0,0,0
68,MainTitleClassifierV6,0,0,0,0,0
68,OrphanAttacherStep,0,0,0,0,0
68,PageContinuationMerger,0,0,0,0,0
68,RepeatedHeaderFooterDetector,0,0,0,0,0
68,SmartSectionClassifierV6,0,0,0,0,0
68,TableClassifier,0,0,0,0,0
68,TableOfContentsClassifier,0,0,0,0,0
68,TableRootPromoter,0,0,0,0,0
68,TextClassifier,0,0,0,0,3802
68,TextElementMerger,0,0,0,0,0
68,VisualHeadingDetector,0,0,0,0,0
69,ConsecutivePageNumberClassifier,0,0,0,0,0
69,ContentClassifierV6,0,0,0,0,0
69,EarlyMetadataRemoverStep,0,0,0,0,0
69,EmptyElementClassifier,0,0,0,0,8
69,EnhancedClauseClassifierV6,0,0,0,0,269
69,EnhancedTOCDetector,0,0,0,0,0
69,FallbackTitleClassifier,0,0,0,0,0
69,HeadingClassifierV6,0,0,0,0,0
69,HierarchyBuilder,0,0,0,0,0
69,HtmlCommentRemoverStep,0,0,0,0,0
69,ImprovedMetadataRemoverv8,0,0,0,0,965
69,LateMetadataRemoverStep,0,0,0,0,0
69,LegalContentClassifierV6,0,0,0,0,0
69,MainTitleClassifierV6,0,0,0,0,0
69,OrphanAttacherStep,0,0,0,0,0
69,PageContinuationMerger,0,0,0,0,0
69,RepeatedHeaderFooterDetector,0,0,0,0,0
69,SmartSectionClassifierV6,0,0,0,0,0
69,TableClassifier,0,0,0,0,0
69,TableOfContentsClassifier,0,0,0,0,0
69,TableRootPromoter,0,0,0,0,0
69,TextClassifier,0,0,0,0,3807
69,TextElementMerger,0,0,0,0,0
69,VisualHeadingDetector,0,0,0,0,0
70,ConsecutivePageNumberClassifier,0,0,0,0,0
70,ContentClassifierV6,0,0,0,0,0
70,EarlyMetadataRemoverStep,0,0,0,0,0
70,EmptyElementClassifier,0,0,0,0,8
70,EnhancedClauseClassifierV6,0,0,0,0,271
70,EnhancedTOCDetector,0,0,0,0,0
70,FallbackTitleClassifier,0,0,0,0,0
70,HeadingClassifierV6,0,0,0,0,0
70,HierarchyBuilder,0,0,0,0,0
70,HtmlCommentRemoverStep,0,0,0,0,0
70,ImprovedMetadataRemoverv8,0,0,0,0,970
70,LateMetadataRemoverStep,0,0,0,0,0
70,LegalContentClassifierV6,0,0,0,0,0
70,MainTitleClassifierV6,0,0,0,0,0
70,OrphanAttacherStep,0,0,0,0,0
70,PageContinuationMerger,0,0,0,0,0
70,RepeatedHeaderFooterDetector,0,0,0,0,0
70,SmartSectionClassifierV6,0,0,0,0,0
70,TableClassifier,0,0,0,0,0
70,TableOfContentsClassifier,0,0,0,0,0
70,TableRootPromoter,0,0,0,0,0
70,TextClassifier,0,0,0,0,3831
70,TextElementMerger,0,0,0,0,0
70,VisualHeadingDetector,0,0,0,0,0
71,ConsecutivePageNumberClassifier,0,0,0,0,0
71,ContentClassifierV6,0,0,0,0,0
71,EarlyMetadataRemoverStep,0,0,0,0,0
71,EmptyElementClassifier,0,0,0,0,8
71,EnhancedClauseClassifierV6,0,0,0,0,271
71,EnhancedTOCDetector,0,0,0,0,0
71,FallbackTitleClassifier,0,0,0,0,0
71,HeadingClassifierV6,0,0,0,0,0
71,HierarchyBuilder,0,0,0,0,0
71,HtmlCommentRemoverStep,0,0,0,0,0
71,ImprovedMetadataRemoverv8,0,0,0,0,971
71,LateMetadataRemoverStep,0,0,0,0,0
71,LegalContentClassifierV6,0,0,0,0,0
71,MainTitleClassifierV6,0,0,0,0,0
71,OrphanAttacherStep,0,0,0,0,0
71,PageContinuationMerger,0,0,0,0,0
71,RepeatedHeaderFooterDetector,0,0,0,0,0
71,SmartSectionClassifierV6,0,0,0,0,0
71,TableClassifier,0,0,0,0,0
71,TableOfContentsClassifier,0,0,0,0,0
71,TableRootPromoter,0,0,0,0,0
71,TextClassifier,0,0,0,0,3848
71,TextElementMerger,0,0,0,0,0
71,VisualHeadingDetector,0,0,0,0,0
72,ConsecutivePageNumberClassifier,0,0,0,0,0
72,ContentClassifierV6,0,0,0,0,0
72,EarlyMetadataRemoverStep,0,0,0,0,0
72,EmptyElementClassifier,0,0,0,0,8
72,EnhancedClauseClassifierV6,0,0,0,0,277
72,EnhancedTOCDetector,0,0,0,0,0
72,FallbackTitleClassifier,0,0,0,0,0
72,HeadingClassifierV6,0,0,0,0,0
72,HierarchyBuilder,0,0,0,0,0
72,HtmlCommentRemoverStep,0,0,0,0,0
72,ImprovedMetadataRemoverv8,0,0,0,0,986
72,LateMetadataRemoverStep,0,0,0,0,0
72,LegalContentClassifierV6,0,0,0,0,0
72,MainTitleClassifierV6,0,0,0,0,0
72,OrphanAttacherStep,0,0,0,0,0
72,PageContinuationMerger,0,0,0,0,0
72,RepeatedHeaderFooterDetector,0,0,0,0,0
72,SmartSectionClassifierV6,0,0,0,0,0
72,TableClassifier,0,0,0,0,0
72,TableOfContentsClassifier,0,0,0,0,0
72,TableRootPromoter,0,0,0,0,0
72,TextClassifier,0,0,0,0,3913
72,TextElementMerger,0,0,0,0,0
72,VisualHeadingDetector,0,0,0,0,0
73,ConsecutivePageNumberClassifier,0,0,0,0,0
73,ContentClassifierV6,0,0,0,0,0
73,EarlyMetadataRemoverStep,0,0,0,0,0
73,EmptyElementClassifier,0,0,0,0,8
73,EnhancedClauseClassifierV6,0,0,0,0,277
73,EnhancedTOCDetector,0,0,0,0,0
73,FallbackTitleClassifier,0,0,0,0,0
73,HeadingClassifierV6,0,0,0,0,0
73,HierarchyBuilder,0,0,0,0,0
73,HtmlCommentRemoverStep,0,0,0,0,0
73,ImprovedMetadataRemoverv8,0,0,0,0,988
73,LateMetadataRemoverStep,0,0,0,0,0
73,LegalContentClassifierV6,0,0,0,0,0
73,MainTitleClassifierV6,0,0,0,0,0
73,OrphanAttacherStep,0,0,0,0,0
73,PageContinuationMerger,0,0,0,0,0
73,RepeatedHeaderFooterDetector,0,0,0,0,0
73,SmartSectionClassifierV6,0,0,0,0,0
73,TableClassifier,0,0,0,0,0
73,TableOfContentsClassifier,0,0,0,0,0
73,TableRootPromoter,0,0,0,0,0
73,TextClassifier,0,0,0,0,3943
73,TextElementMerger,0,0,0,0,0
73,VisualHeadingDetector,0,0,0,0,0
74,ConsecutivePageNumberClassifier,0,0,0,0,0
74,ContentClassifierV6,0,0,0,0,0
74,EarlyMetadataRemoverStep,0,0,0,0,0
74,EmptyElementClassifier,0,0,0,0,8
74,EnhancedClauseClassifierV6,0,0,0,0,280
74,EnhancedTOCDetector,0,0,0,0,0
74,FallbackTitleClassifier,0,0,0,0,0
74,HeadingClassifierV6,0,0,0,0,0
74,HierarchyBuilder,0,0,0,0,0
74,HtmlCommentRemoverStep,0,0,0,0,0
74,ImprovedMetadataRemoverv8,0,0,0,0,1005
74,LateMetadataRemoverStep,0,0,0,0,0
74,LegalContentClassifierV6,0,0,0,0,0
74,MainTitleClassifierV6,0,0,0,0,0
74,OrphanAttacherStep,0,0,0,0,0
74,PageContinuationMerger,0,0,0,0,0
74,RepeatedHeaderFooterDetector,0,0,0,0,0
74,SmartSectionClassifierV6,0,0,0,0,0
74,TableClassifier,0,0,0,0,0
74,TableOfContentsClassifier,0,0,0,0,0
74,TableRootPromoter,0,0,0,0,0
74,TextClassifier,0,0,0,0,4054
74,TextElementMerger,0,0,0,0,0
74,VisualHeadingDetector,0,0,0,0,0
75,ConsecutivePageNumberClassifier,0,0,0,0,0
75,ContentClassifierV6,0,0,0,0,0
75,EarlyMetadataRemoverStep,0,0,0,0,0
75,EmptyElementClassifier,0,0,0,0,8
75,EnhancedClauseClassifierV6,0,0,0,0,280
75,EnhancedTOCDetector,0,0,0,0,0
75,FallbackTitleClassifier,0,0,0,0,0
75,HeadingClassifierV6,0,0,0,0,0
75,HierarchyBuilder,0,0,0,0,0
75,HtmlCommentRemoverStep,0,0,0,0,0
75,ImprovedMetadataRemoverv8,0,0,0,0,1007
75,LateMetadataRemoverStep,0,0,0,0,0
75,LegalContentClassifierV6,0,0,0,0,0
75,MainTitleClassifierV6,0,0,0,0,0
75,OrphanAttacherStep,0,0,0,0,0
75,PageContinuationMerger,0,0,0,0,0
75,RepeatedHeaderFooterDetector,0,0,0,0,0
75,SmartSectionClassifierV6,0,0,0,0,0
75,TableClassifier,0,0,0,0,0
75,TableOfContentsClassifier,0,0,0,0,0
75,TableRootPromoter,0,0,0,0,0
75,TextClassifier,0,0,0,0,4135
75,TextElementMerger,0,0,0,0,0
75,VisualHeadingDetector,0,0,0,0,0
76,ConsecutivePageNumberClassifier,0,0,0,0,0
76,ContentClassifierV6,0,0,0,0,0
76,EarlyMetadataRemoverStep,0,0,0,0,0
76,EmptyElementClassifier,0,0,0,0,8
76,EnhancedClauseClassifierV6,0,0,0,0,392
76,EnhancedTOCDetector,0,0,0,0,0
76,FallbackTitleClassifier,0,0,0,0,0
76,HeadingClassifierV6,0,0,0,0,0
76,HierarchyBuilder,0,0,0,0,0
76,HtmlCommentRemoverStep,0,0,0,0,0
76,ImprovedMetadataRemoverv8,0,0,0,0,1144
76,LateMetadataRemoverStep,0,0,0,0,0
76,LegalContentClassifierV6,0,0,0,0,0
76,MainTitleClassifierV6,0,0,0,0,0
76,OrphanAttacherStep,0,0,0,0,0
76,PageContinuationMerger,0,0,0,0,0
76,RepeatedHeaderFooterDetector,0,0,0,0,0
76,SmartSectionClassifierV6,0,0,0,0,0
76,TableClassifier,0,0,0,0,0
76,TableOfContentsClassifier,0,0,0,0,0
76,TableRootPromoter,0,0,0,0,0
76,TextClassifier,0,0,0,0,4976
76,TextElementMerger,0,0,0,0,0
76,VisualHeadingDetector,0,0,0,0,0
77,ConsecutivePageNumberClassifier,0,0,0,0,0
77,ContentClassifierV6,0,0,0,0,0
77,EarlyMetadataRemoverStep,0,0,0,0,0
77,EmptyElementClassifier,0,0,0,0,8
77,EnhancedClauseClassifierV6,0,0,0,0,416
77,EnhancedTOCDetector,0,0,0,0,0
77,FallbackTitleClassifier,0,0,0,0,0
77,HeadingClassifierV6,0,0,0,0,0
77,HierarchyBuilder,0,0,0,0,0
77,HtmlCommentRemoverStep,0,0,0,0,0
77,ImprovedMetadataRemoverv8,0,0,0,0,1235
77,LateMetadataRemoverStep,0,0,0,0,0
77,LegalContentClassifierV6,0,0,0,0,0
77,MainTitleClassifierV6,0,0,0,0,0
77,OrphanAttacherStep,0,0,0,0,0
77,PageContinuationMerger,0,0,0,0,0
77,RepeatedHeaderFooterDetector,0,0,0,0,0
77,SmartSectionClassifierV6,0,0,0,0,0
77,TableClassifier,0,0,0,0,0
77,TableOfContentsClassifier,0,0,0,0,0
77,TableRootPromoter,0,0,0,0,0
77,TextClassifier,0,0,0,0,5249
77,TextElementMerger,0,0,0,0,0
77,VisualHeadingDetector,0,0,0,0,0
78,ConsecutivePageNumberClassifier,0,0,0,0,0
78,ContentClassifierV6,0,0,0,0,0
78,EarlyMetadataRemoverStep,0,0,0,0,0
78,EmptyElementClassifier,0,0,0,0,8
78,EnhancedClauseClassifierV6,0,0,0,0,416
78,EnhancedTOCDetector,0,0,0,0,0
78,FallbackTitleClassifier,0,0,0,0,0
78,HeadingClassifierV6,0,0,0,0,0
78,HierarchyBuilder,0,0,0,0,0
78,HtmlCommentRemoverStep,0,0,0,0,0
78,ImprovedMetadataRemoverv8,0,0,0,0,1236
78,LateMetadataRemoverStep,0,0,0,0,0
78,LegalContentClassifierV6,0,0,0,0,0
78,MainTitleClassifierV6,0,0,0,0,0
78,OrphanAttacherStep,0,0,0,0,0
78,PageContinuationMerger,0,0,0,0,0
78,RepeatedHeaderFooterDetector,0,0,0,0,0
78,SmartSectionClassifierV6,0,0,0,0,0
78,TableClassifier,0,0,0,0,0
78,TableOfContentsClassifier,0,0,0,0,0
78,TableRootPromoter,0,0,0,0,0
78,TextClassifier,0,0,0,0,5255
78,TextElementMerger,0,0,0,0,0
78,VisualHeadingDetector,0,0,0,0,0
79,ConsecutivePageNumberClassifier,0,0,0,0,0
79,ContentClassifierV6,0,0,0,0,0
79,EarlyMetadataRemoverStep,0,0,0,0,0
79,EmptyElementClassifier,0,0,0,0,8
79,EnhancedClauseClassifierV6,0,0,0,0,440
79,EnhancedTOCDetector,0,0,0,0,0
79,FallbackTitleClassifier,0,0,0,0,0
79,HeadingClassifierV6,0,0,0,0,0
79,HierarchyBuilder,0,0,0,0,0
79,HtmlCommentRemoverStep,0,0,0,0,0
79,ImprovedMetadataRemoverv8,0,0,0,0,1263
79,LateMetadataRemoverStep,0,0,0,0,0
79,LegalContentClassifierV6,0,0,0,0,0
79,MainTitleClassifierV6,0,0,0,0,0
79,OrphanAttacherStep,0,0,0,0,0
79,PageContinuationMerger,0,0,0,0,0
79,RepeatedHeaderFooterDetector,0,0,0,0,0
79,SmartSectionClassifierV6,0,0,0,0,0
79,TableClassifier,0,0,0,0,0
79,TableOfContentsClassifier,0,0,0,0,0
79,TableRootPromoter,0,0,0,0,0
79,TextClassifier,0,0,0,0,5488
79,TextElementMerger,0,0,0,0,0
79,VisualHeadingDetector,0,0,0,0,0
80,ConsecutivePageNumberClassifier,0,0,0,0,0
80,ContentClassifierV6,0,0,0,0,0
80,EarlyMetadataRemoverStep,0,0,0,0,0
80,EmptyElementClassifier,0,0,0,0,8
80,EnhancedClauseClassifierV6,0,0,0,0,577
80,EnhancedTOCDetector,0,0,0,0,0
80,FallbackTitleClassifier,0,0,0,0,0
80,HeadingClassifierV6,0,0,0,0,0
80,HierarchyBuilder,0,0,0,0,0
80,HtmlCommentRemoverStep,0,0,0,0,0
80,ImprovedMetadataRemoverv8,0,0,0,0,1347
80,LateMetadataRemoverStep,0,0,0,0,0
80,LegalContentClassifierV6,0,0,0,0,0
80,MainTitleClassifierV6,0,0,0,0,0
80,OrphanAttacherStep,0,0,0,0,0
80,PageContinuationMerger,0,0,0,0,0
80,RepeatedHeaderFooterDetector,0,0,0,0,0
80,SmartSectionClassifierV6,0,0,0,0,0
80,TableClassifier,0,0,0,0,0
80,TableOfContentsClassifier,0,0,0,0,0
80,TableRootPromoter,0,0,0,0,0
80,TextClassifier,0,0,0,0,6114
80,TextElementMerger,0,0,0,0,0
80,VisualHeadingDetector,0,0,0,0,0
81,ConsecutivePageNumberClassifier,0,0,0,0,0
81,ContentClassifierV6,0,0,0,0,0
81,EarlyMetadataRemoverStep,0,0,0,0,0
81,EmptyElementClassifier,0,0,0,0,8
81,EnhancedClauseClassifierV6,0,0,0,0,577
81,EnhancedTOCDetector,0,0,0,0,0
81,FallbackTitleClassifier,0,0,0,0,0
81,HeadingClassifierV6,0,0,0,0,0
81,HierarchyBuilder,0,0,0,0,0
81,HtmlCommentRemoverStep,0,0,0,0,0
81,ImprovedMetadataRemoverv8,0,0,0,0,1347
81,LateMetadataRemoverStep,0,0,0,0,0
81,LegalContentClassifierV6,0,0,0,0,0
81,MainTitleClassifierV6,0,0,0,0,0
81,OrphanAttacherStep,0,0,0,0,0
81,PageContinuationMerger,0,0,0,0,0
81,RepeatedHeaderFooterDetector,0,0,0,0,0
81,SmartSectionClassifierV6,0,0,0,0,0
81,TableClassifier,0,0,0,0,0
81,TableOfContentsClassifier,0,0,0,0,0
81,TableRootPromoter,0,0,0,0,0
81,TextClassifier,0,0,0,0,6149
81,TextElementMerger,0,0,0,0,0
81,VisualHeadingDetector,0,0,0,0,0
82,ConsecutivePageNumberClassifier,0,0,0,0,0
82,ContentClassifierV6,0,0,0,0,0
82,EarlyMetadataRemoverStep,0,0,0,0,0
82,EmptyElementClassifier,0,0,0,0,8
82,EnhancedClauseClassifierV6,0,0,0,0,577
82,EnhancedTOCDetector,0,0,0,0,0
82,FallbackTitleClassifier,0,0,0,0,0
82,HeadingClassifierV6,0,0,0,0,0
82,HierarchyBuilder,0,0,0,0,0
82,HtmlCommentRemoverStep,0,0,0,0,0
82,ImprovedMetadataRemoverv8,0,0,0,0,1348
82,LateMetadataRemoverStep,0,0,0,0,0
82,LegalContentClassifierV6,0,0,0,0,0
82,MainTitleClassifierV6,0,0,0,0,0
82,OrphanAttacherStep,0,0,0,0,0
82,PageContinuationMerger,0,0,0,0,0
82,RepeatedHeaderFooterDetector,0,0,0,0,0
82,SmartSectionClassifierV6,0,0,0,0,0
82,TableClassifier,0,0,0,0,0
82,TableOfContentsClassifier,0,0,0,0,1
82,TableRootPromoter,0,0,0,0,0
82,TextClassifier,0,0,0,0,6165
82,TextElementMerger,0,0,0,0,0
82,VisualHeadingDetector,0,0,0,0,0
83,ConsecutivePageNumberClassifier,0,0,0,0,0
83,ContentClassifierV6,0,0,0,0,0
83,EarlyMetadataRemoverStep,0,0,0,0,0
83,EmptyElementClassifier,0,0,0,0,8
83,EnhancedClauseClassifierV6,0,0,0,0,603
83,EnhancedTOCDetector,0,0,0,0,0
83,FallbackTitleClassifier,0,0,0,0,0
83,HeadingClassifierV6,0,0,0,0,0
83,HierarchyBuilder,0,0,0,0,0
83,HtmlCommentRemoverStep,0,0,0,0,0
83,ImprovedMetadataRemoverv8,0,0,0,0,1390
83,LateMetadataRemoverStep,0,0,0,0,0
83,LegalContentClassifierV6,0,0,0,0,0
83,MainTitleClassifierV6,0,0,0,0,0
83,OrphanAttacherStep,0,0,0,0,0
83,PageContinuationMerger,0,0,0,0,0
83,RepeatedHeaderFooterDetector,0,0,0,0,0
83,SmartSectionClassifierV6,0,0,0,0,0
83,TableClassifier,0,0,0,0,0
83,TableOfContentsClassifier,0,0,0,0,1
83,TableRootPromoter,0,0,0,0,0
83,TextClassifier,0,0,0,0,6248
83,TextElementMerger,0,0,0,0,0
83,VisualHeadingDetector,0,0,0,0,0
84,ConsecutivePageNumberClassifier,0,0,0,0,0
84,ContentClassifierV6,0,0,0,0,0
84,EarlyMetadataRemoverStep,0,0,0,0,0
84,EmptyElementClassifier,0,0,0,0,8
84,EnhancedClauseClassifierV6,0,0,0,0,603
84,EnhancedTOCDetector,0,0,0,0,0
84,FallbackTitleClassifier,0,0,0,0,0
84,HeadingClassifierV6,0,0,0,0,0
84,HierarchyBuilder,0,0,0,0,0
84,HtmlCommentRemoverStep,0,0,0,0,0
84,ImprovedMetadataRemoverv8,0,0,0,0,1390
84,LateMetadataRemoverStep,0,0,0,0,0
84,LegalContentClassifierV6,0,0,0,0,0
84,MainTitleClassifierV6,0,0,0,0,0
84,OrphanAttacherStep,0,0,0,0,0
84,PageContinuationMerger,0,0,0,0,0
84,RepeatedHeaderFooterDetector,0,0,0,0,0
84,SmartSectionClassifierV6,0,0,0,0,0
84,TableClassifier,0,0,0,0,0
84,TableOfContentsClassifier,0,0,0,0,1
84,TableRootPromoter,0,0,0,0,0
84,TextClassifier,0,0,0,0,6248
84,TextElementMerger,0,0,0,0,0
84,VisualHeadingDetector,0,0,0,0,0
85,ConsecutivePageNumberClassifier,0,0,0,0,0
85,ContentClassifierV6,0,0,0,0,0
85,EarlyMetadataRemoverStep,0,0,0,0,0
85,EmptyElementClassifier,0,0,0,0,8
85,EnhancedClauseClassifierV6,0,0,0,0,603
85,EnhancedTOCDetector,0,0,0,0,0
85,FallbackTitleClassifier,0,0,0,0,0
85,HeadingClassifierV6,0,0,0,0,0
85,HierarchyBuilder,0,0,0,0,0
85,HtmlCommentRemoverStep,0,0,0,0,0
85,ImprovedMetadataRemoverv8,0,0,0,0,1418
85,LateMetadataRemoverStep,0,0,0,0,0
85,LegalContentClassifierV6,0,0,0,0,0
85,MainTitleClassifierV6,0,0,0,0,0
85,OrphanAttacherStep,0,0,0,0,0
85,PageContinuationMerger,0,0,0,0,0
85,RepeatedHeaderFooterDetector,0,0,0,0,0
85,SmartSectionClassifierV6,0,0,0,0,0
85,TableClassifier,0,0,0,0,0
85,TableOfContentsClassifier,0,0,0,0,1
85,TableRootPromoter,0,0,0,0,0
85,TextClassifier,0,0,0,0,6248
85,TextElementMerger,0,0,0,0,0
85,VisualHeadingDetector,0,0,0,0,0
86,ConsecutivePageNumberClassifier,0,0,0,0,0
86,ContentClassifierV6,0,0,0,0,0
86,EarlyMetadataRemoverStep,0,0,0,0,0
86,EmptyElementClassifier,0,0,0,0,8
86,EnhancedClauseClassifierV6,0,0,0,0,621
86,EnhancedTOCDetector,0,0,0,0,0
86,FallbackTitleClassifier,0,0,0,0,0
86,HeadingClassifierV6,0,0,0,0,0
86,HierarchyBuilder,0,0,0,0,0
86,HtmlCommentRemoverStep,0,0,0,0,0
86,ImprovedMetadataRemoverv8,0,0,0,0,1621
86,LateMetadataRemoverStep,0,0,0,0,0
86,LegalContentClassifierV6,0,0,0,0,0
86,MainTitleClassifierV6,0,0,0,0,0
86,OrphanAttacherStep,0,0,0,0,0
86,PageContinuationMerger,0,0,0,0,0
86,RepeatedHeaderFooterDetector,0,0,0,0,0
86,SmartSectionClassifierV6,0,0,0,0,0
86,TableClassifier,0,0,0,0,0
86,TableOfContentsClassifier,0,0,0,0,1
86,TableRootPromoter,0,0,0,0,0
86,TextClassifier,0,0,0,0,6674
86,TextElementMerger,0,0,0,0,0
86,VisualHeadingDetector,0,0,0,0,0
87,ConsecutivePageNumberClassifier,0,0,0,0,0
87,ContentClassifierV6,0,0,0,0,0
87,EarlyMetadataRemoverStep,0,0,0,0,0
87,EmptyElementClassifier,0,0,0,0,8
87,EnhancedClauseClassifierV6,0,0,0,0,622
87,EnhancedTOCDetector,0,0,0,0,0
87,FallbackTitleClassifier,0,0,0,0,0
87,HeadingClassifierV6,0,0,0,0,0
87,HierarchyBuilder,0,0,0,0,0
87,HtmlCommentRemoverStep,0,0,0,0,0
87,ImprovedMetadataRemoverv8,0,0,0,0,1621
87,LateMetadataRemoverStep,0,0,0,0,0
87,LegalContentClassifierV6,0,0,0,0,0
87,MainTitleClassifierV6,0,0,0,0,0
87,OrphanAttacherStep,0,0,0,0,0
87,PageContinuationMerger,0,0,0,0,0
87,RepeatedHeaderFooterDetector,0,0,0,0,0
87,SmartSectionClassifierV6,0,0,0,0,0
87,TableClassifier,0,0,0,0,0
87,TableOfContentsClassifier,0,0,0,0,1
87,TableRootPromoter,0,0,0,0,0
87,TextClassifier,0,0,0,0,6741
87,TextElementMerger,0,0,0,0,0
87,VisualHeadingDetector,0,0,0,0,0
88,ConsecutivePageNumberClassifier,0,0,0,0,0
88,ContentClassifierV6,0,0,0,0,0
88,EarlyMetadataRemoverStep,0,0,0,0,0
88,EmptyElementClassifier,0,0,0,0,8
88,EnhancedClauseClassifierV6,0,0,0,0,622
88,EnhancedTOCDetector,0,0,0,0,0
88,FallbackTitleClassifier,0,0,0,0,0
88,HeadingClassifierV6,0,0,0,0,0
88,HierarchyBuilder,0,0,0,0,0
88,HtmlCommentRemoverStep,0,0,0,0,0
88,ImprovedMetadataRemoverv8,0,0,0,0,1626
88,LateMetadataRemoverStep,0,0,0,0,0
88,LegalContentClassifierV6,0,0,0,0,0
88,MainTitleClassifierV6,0,0,0,0,0
88,OrphanAttacherStep,0,0,0,0,0
88,PageContinuationMerger,0,0,0,0,0
88,RepeatedHeaderFooterDetector,0,0,0,0,0
88,SmartSectionClassifierV6,0,0,0,0,0
88,TableClassifier,0,0,0,0,0
88,TableOfContentsClassifier,0,0,0,0,1
88,TableRootPromoter,0,0,0,0,0
88,TextClassifier,0,0,0,0,6749
88,TextElementMerger,0,0,0,0,0
88,VisualHeadingDetector,0,0,0,0,0
89,ConsecutivePageNumberClassifier,0,0,0,0,0
89,ContentClassifierV6,0,0,0,0,0
89,EarlyMetadataRemoverStep,0,0,0,0,0
89,EmptyElementClassifier,0,0,0,0,8
89,EnhancedClauseClassifierV6,0,0,0,0,622
89,EnhancedTOCDetector,0,0,0,0,0
89,FallbackTitleClassifier,0,0,0,0,0
89,HeadingClassifierV6,0,0,0,0,0
89,HierarchyBuilder,0,0,0,0,0
89,HtmlCommentRemoverStep,0,0,0,0,0
89,ImprovedMetadataRemoverv8,0,0,0,0,1772
89,LateMetadataRemoverStep,0,0,0,0,0
89,LegalContentClassifierV6,0,0,0,0,0
89,MainTitleClassifierV6,0,0,0,0,0
89,OrphanAttacherStep,0,0,0,0,0
89,PageContinuationMerger,0,0,0,0,0
89,RepeatedHeaderFooterDetector,0,0,0,0,0
89,SmartSectionClassifierV6,0,0,0,0,0
89,TableClassifier,0,0,0,0,0
89,TableOfContentsClassifier,0,0,0,0,1
89,TableRootPromoter,0,0,0,0,0
89,TextClassifier,0,0,0,0,6749
89,TextElementMerger,0,0,0,0,0
89,VisualHeadingDetector,0,0,0,0,0
90,ConsecutivePageNumberClassifier,0,0,0,0,0
90,ContentClassifierV6,0,0,0,0,0
90,EarlyMetadataRemoverStep,0,0,0,0,0
90,EmptyElementClassifier,0,0,0,0,8
90,EnhancedClauseClassifierV6,0,0,0,0,622
90,EnhancedTOCDetector,0,0,0,0,0
90,FallbackTitleClassifier,0,0,0,0,0
90,HeadingClassifierV6,0,0,0,0,0
90,HierarchyBuilder,0,0,0,0,0
90,HtmlCommentRemoverStep,0,0,0,0,0
90,ImprovedMetadataRemoverv8,0,0,0,0,1772
90,LateMetadataRemoverStep,0,0,0,0,0
90,LegalContentClassifierV6,0,0,0,0,0
90,MainTitleClassifierV6,0,0,0,0,0
90,OrphanAttacherStep,0,0,0,0,0
90,PageContinuationMerger,0,0,0,0,0
90,RepeatedHeaderFooterDetector,0,0,0,0,0
90,SmartSectionClassifierV6,0,0,0,0,0
90,TableClassifier,0,0,0,0,0
90,TableOfContentsClassifier,0,0,0,0,1
90,TableRootPromoter,0,0,0,0,0
90,TextClassifier,0,0,0,0,6749
90,TextElementMerger,0,0,0,0,0
90,VisualHeadingDetector,0,0,0,0,0
91,ConsecutivePageNumberClassifier,0,0,0,0,0
91,ContentClassifierV6,0,0,0,0,0
91,EarlyMetadataRemoverStep,0,0,0,0,0
91,EmptyElementClassifier,0,0,0,0,8
91,EnhancedClauseClassifierV6,0,0,0,0,628
91,EnhancedTOCDetector,0,0,0,0,0
91,FallbackTitleClassifier,0,0,0,0,0
91,HeadingClassifierV6,0,0,0,0,0
91,HierarchyBuilder,0,0,0,0,0
91,HtmlCommentRemoverStep,0,0,0,0,0
91,ImprovedMetadataRemoverv8,0,0,0,0,1772
91,LateMetadataRemoverStep,0,0,0,0,0
91,LegalContentClassifierV6,0,0,0,0,0
91,MainTitleClassifierV6,0,0,0,0,0
91,OrphanAttacherStep,0,0,0,0,0
91,PageContinuationMerger,0,0,0,0,0
91,RepeatedHeaderFooterDetector,0,0,0,0,0
91,SmartSectionClassifierV6,0,0,0,0,0
91,TableClassifier,0,0,0,0,0
91,TableOfContentsClassifier,0,0,0,0,1
91,TableRootPromoter,0,0,0,0,0
91,TextClassifier,0,0,0,0,6761
91,TextElementMerger,0,0,0,0,0
91,VisualHeadingDetector,0,0,0,0,0
92,ConsecutivePageNumberClassifier,0,0,0,0,0
92,ContentClassifierV6,0,0,0,0,0
92,EarlyMetadataRemoverStep,0,0,0,0,0
92,EmptyElementClassifier,0,0,0,0,8
92,EnhancedClauseClassifierV6,0,0,0,0,628
92,EnhancedTOCDetector,0,0,0,0,0
92,FallbackTitleClassifier,0,0,0,0,0
92,HeadingClassifierV6,0,0,0,0,0
92,HierarchyBuilder,0,0,0,0,0
92,HtmlCommentRemoverStep,0,0,0,0,0
92,ImprovedMetadataRemoverv8,0,0,0,0,1778
92,LateMetadataRemoverStep,0,0,0,0,0
92,LegalContentClassifierV6,0,0,0,0,0
92,MainTitleClassifierV6,0,0,0,0,0
92,OrphanAttacherStep,0,0,0,0,0
92,PageContinuationMerger,0,0,0,0,0
92,RepeatedHeaderFooterDetector,0,0,0,0,0
92,SmartSectionClassifierV6,0,0,0,0,0
92,TableClassifier,0,0,0,0,0
92,TableOfContentsClassifier,0,0,0,0,1
92,TableRootPromoter,0,0,0,0,0
92,TextClassifier,0,0,0,0,6843
92,TextElementMerger,0,0,0,0,0
92,VisualHeadingDetector,0,0,0,0,0
93,ConsecutivePageNumberClassifier,0,0,0,0,0
93,ContentClassifierV6,0,0,0,0,0
93,EarlyMetadataRemoverStep,0,0,0,0,0
93,EmptyElementClassifier,0,0,0,0,8
93,EnhancedClauseClassifierV6,0,0,0,0,631
93,EnhancedTOCDetector,0,0,0,0,0
93,FallbackTitleClassifier,0,0,0,0,0
93,HeadingClassifierV6,0,0,0,0,0
93,HierarchyBuilder,0,0,0,0,0
93,HtmlCommentRemoverStep,0,0,0,0,0
93,ImprovedMetadataRemoverv8,0,0,0,0,1778
93,LateMetadataRemoverStep,0,0,0,0,0
93,LegalContentClassifierV6,0,0,0,0,0
93,MainTitleClassifierV6,0,0,0,0,0
93,OrphanAttacherStep,0,0,0,0,0
93,PageContinuationMerger,0,0,0,0,0
93,RepeatedHeaderFooterDetector,0,0,0,0,0
93,SmartSectionClassifierV6,0,0,0,0,0
93,TableClassifier,0,0,0,0,0
93,TableOfContentsClassifier,0,0,0,0,1
93,TableRootPromoter,0,0,0,0,0
93,TextClassifier,0,0,0,0,6896
93,TextElementMerger,0,0,0,0,0
93,VisualHeadingDetector,0,0,0,0,0
94,ConsecutivePageNumberClassifier,0,0,0,0,0
94,ContentClassifierV6,0,0,0,0,0
94,EarlyMetadataRemoverStep,0,0,0,0,0
94,EmptyElementClassifier,0,0,0,0,8
94,EnhancedClauseClassifierV6,0,0,0,0,631
94,EnhancedTOCDetector,0,0,0,0,0
94,FallbackTitleClassifier,0,0,0,0,0
94,HeadingClassifierV6,0,0,0,0,0
94,HierarchyBuilder,0,0,0,0,0
94,HtmlCommentRemoverStep,0,0,0,0,0
94,ImprovedMetadataRemoverv8,0,0,0,0,1779
94,LateMetadataRemoverStep,0,0,0,0,0
94,LegalContentClassifierV6,0,0,0,0,0
94,MainTitleClassifierV6,0,0,0,0,0
94,OrphanAttacherStep,0,0,0,0,0
94,PageContinuationMerger,0,0,0,0,0
94,RepeatedHeaderFooterDetector,0,0,0,0,0
94,SmartSectionClassifierV6,0,0,0,0,0
94,TableClassifier,0,0,0,0,0
94,TableOfContentsClassifier,0,0,0,0,1
94,TableRootPromoter,0,0,0,0,0
94,TextClassifier,0,0,0,0,6933
94,TextElementMerger,0,0,0,0,0
94,VisualHeadingDetector,0,0,0,0,0
95,ConsecutivePageNumberClassifier,0,0,0,0,0
95,ContentClassifierV6,0,0,0,0,0
95,EarlyMetadataRemoverStep,0,0,0,0,0
95,EmptyElementClassifier,0,0,0,0,8
95,EnhancedClauseClassifierV6,0,0,0,0,683
95,EnhancedTOCDetector,0,0,0,0,0
95,FallbackTitleClassifier,0,0,0,0,0
95,HeadingClassifierV6,0,0,0,0,0
95,HierarchyBuilder,0,0,0,0,0
95,HtmlCommentRemoverStep,0,0,0,0,0
95,ImprovedMetadataRemoverv8,0,0,0,0,1786
95,LateMetadataRemoverStep,0,0,0,0,0
95,LegalContentClassifierV6,0,0,0,0,0
95,MainTitleClassifierV6,0,0,0,0,0
95,OrphanAttacherStep,0,0,0,0,0
95,PageContinuationMerger,0,0,0,0,0
95,RepeatedHeaderFooterDetector,0,0,0,0,0
95,SmartSectionClassifierV6,0,0,0,0,0
95,TableClassifier,0,0,0,0,0
95,TableOfContentsClassifier,0,0,0,0,1
95,TableRootPromoter,0,0,0,0,0
95,TextClassifier,0,0,0,0,7407
95,TextElementMerger,0,0,0,0,0
95,VisualHeadingDetector,0,0,0,0,0
96,ConsecutivePageNumberClassifier,0,0,0,0,0
96,ContentClassifierV6,0,0,0,0,0
96,EarlyMetadataRemoverStep,0,0,0,0,0
96,EmptyElementClassifier,0,0,0,0,8
96,EnhancedClauseClassifierV6,0,0,0,0,683
96,EnhancedTOCDetector,0,0,0,0,0
96,FallbackTitleClassifier,0,0,0,0,0
96,HeadingClassifierV6,0,0,0,0,0
96,HierarchyBuilder,0,0,0,0,0
96,HtmlCommentRemoverStep,0,0,0,0,0
96,ImprovedMetadataRemoverv8,0,0,0,0,1793
96,LateMetadataRemoverStep,0,0,0,0,0
96,LegalContentClassifierV6,0,0,0,0,0
96,MainTitleClassifierV6,0,0,0,0,0
96,OrphanAttacherStep,0,0,0,0,0
96,PageContinuationMerger,0,0,0,0,0
96,RepeatedHeaderFooterDetector,0,0,0,0,0
96,SmartSectionClassifierV6,0,0,0,0,0
96,TableClassifier,0,0,0,0,0
96,TableOfContentsClassifier,0,0,0,0,1
96,TableRootPromoter,0,0,0,0,0
96,TextClassifier,0,0,0,0,7416
96,TextElementMerger,0,0,0,0,0
96,VisualHeadingDetector,0,0,0,0,0
97,ConsecutivePageNumberClassifier,0,0,0,0,0
97,ContentClassifierV6,0,0,0,0,0
97,EarlyMetadataRemoverStep,0,0,0,0,0
97,EmptyElementClassifier,0,0,0,0,8
97,EnhancedClauseClassifierV6,0,0,0,0,683
97,EnhancedTOCDetector,0,0,0,0,0
97,FallbackTitleClassifier,0,0,0,0,0
97,HeadingClassifierV6,0,0,0,0,0
97,HierarchyBuilder,0,0,0,0,0
97,HtmlCommentRemoverStep,0,0,0,0,0
97,ImprovedMetadataRemoverv8,0,0,0,0,1809
97,LateMetadataRemoverStep,0,0,0,0,0
97,LegalContentClassifierV6,0,0,0,0,0
97,MainTitleClassifierV6,0,0,0,0,0
97,OrphanAttacherStep,0,0,0,0,0
97,PageContinuationMerger,0,0,0,0,0
97,RepeatedHeaderFooterDetector,0,0,0,0,0
97,SmartSectionClassifierV6,0,0,0,0,0
97,TableClassifier,0,0,0,0,0
97,TableOfContentsClassifier,0,0,0,0,1
97,TableRootPromoter,0,0,0,0,0
97,TextClassifier,0,0,0,0,7474
97,TextElementMerger,0,0,0,0,0
97,VisualHeadingDetector,0,0,0,0,0
98,ConsecutivePageNumberClassifier,0,0,0,0,0
98,ContentClassifierV6,0,0,0,0,0
98,EarlyMetadataRemoverStep,0,0,0,0,0
98,EmptyElementClassifier,0,0,0,0,8
98,EnhancedClauseClassifierV6,0,0,0,0,683
98,EnhancedTOCDetector,0,0,0,0,0
98,FallbackTitleClassifier,0,0,0,0,0
98,HeadingClassifierV6,0,0,0,0,0
98,HierarchyBuilder,0,0,0,0,0
98,HtmlCommentRemoverStep,0,0,0,0,0
98,ImprovedMetadataRemoverv8,0,0,0,0,1929
98,LateMetadataRemoverStep,0,0,0,0,0
98,LegalContentClassifierV6,0,0,0,0,0
98,MainTitleClassifierV6,0,0,0,0,0
98,OrphanAttacherStep,0,0,0,0,0
98,PageContinuationMerger,0,0,0,0,0
98,RepeatedHeaderFooterDetector,0,0,0,0,0
98,SmartSectionClassifierV6,0,0,0,0,0
98,TableClassifier,0,0,0,0,0
98,TableOfContentsClassifier,0,0,0,0,1
98,TableRootPromoter,0,0,0,0,0
98,TextClassifier,0,0,0,0,7474
98,TextElementMerger,0,0,0,0,0
98,VisualHeadingDetector,0,0,0,0,0
99,ConsecutivePageNumberClassifier,0,0,0,0,0
99,ContentClassifierV6,0,0,0,0,0
99,EarlyMetadataRemoverStep,0,0,0,0,0
99,EmptyElementClassifier,0,0,0,0,8
99,EnhancedClauseClassifierV6,0,0,0,0,683
99,EnhancedTOCDetector,0,0,0,0,0
99,FallbackTitleClassifier,0,0,0,0,0
99,HeadingClassifierV6,0,0,0,0,0
99,HierarchyBuilder,0,0,0,0,0
99,HtmlCommentRemoverStep,0,0,0,0,0
99,ImprovedMetadataRemoverv8,0,0,0,0,1936
99,LateMetadataRemoverStep,0,0,0,0,0
99,LegalContentClassifierV6,0,0,0,0,0
99,MainTitleClassifierV6,0,0,0,0,0
99,OrphanAttacherStep,0,0,0,0,0
99,PageContinuationMerger,0,0,0,0,0
99,RepeatedHeaderFooterDetector,0,0,0,0,0
99,SmartSectionClassifierV6,0,0,0,0,0
99,TableClassifier,0,0,0,0,0
99,TableOfContentsClassifier,0,0,0,0,1
99,TableRootPromoter,0,0,0,0,0
99,TextClassifier,0,0,0,0,7491
99,TextElementMerger,0,0,0,0,0
99,VisualHeadingDetector,0,0,0,0,0
100,ConsecutivePageNumberClassifier,0,0,0,0,0
100,ContentClassifierV6,0,0,0,0,0
100,EarlyMetadataRemoverStep,0,0,0,0,0
100,EmptyElementClassifier,0,0,0,0,8
100,EnhancedClauseClassifierV6,0,0,0,0,683
100,EnhancedTOCDetector,0,0,0,0,0
100,FallbackTitleClassifier,0,0,0,0,0
100,HeadingClassifierV6,0,0,0,0,0
100,HierarchyBuilder,0,0,0,0,0
100,HtmlCommentRemoverStep,0,0,0,0,0
100,ImprovedMetadataRemoverv8,0,0,0,0,1936
100,LateMetadataRemoverStep,0,0,0,0,0
100,LegalContentClassifierV6,0,0,0,0,0
100,MainTitleClassifierV6,0,0,0,0,0
100,OrphanAttacherStep,0,0,0,0,0
100,PageContinuationMerger,0,0,0,0,0
100,RepeatedHeaderFooterDetector,0,0,0,0,0
100,SmartSectionClassifierV6,0,0,0,0,0
100,TableClassifier,0,0,0,0,0
100,TableOfContentsClassifier,0,0,0,0,1
100,TableRootPromoter,0,0,0,0,0
100,TextClassifier,0,0,0,0,7494
100,TextElementMerger,0,0,0,0,0
100,VisualHeadingDetector,0,0,0,0,0
