Agreement,Step,Δcount,Δroots,Δorphans,Δdepth,Δretyped
1,EmptyElementClassifier,0,0,0,0,2
1,ImprovedMetadataRemoverV7,0,0,0,0,1
1,TextClassifier,0,0,0,0,9
2,ContentClassifierV6,10,0,10,1,0
2,EmptyElementClassifier,0,0,0,0,2
2,ImprovedMetadataRemoverV7,0,0,0,0,50
2,LegalContentClassifierV6,3,0,3,3,0
2,MainTitleClassifierV6,1,1,0,0,0
2,TextClassifier,0,0,0,0,39
3,ContentClassifierV6,25,0,25,1,0
3,EmptyElementClassifier,0,0,0,0,2
3,ImprovedMetadataRemoverV7,0,0,0,0,159
3,LegalContentClassifierV6,4,0,4,3,0
3,MainTitleClassifierV6,1,1,0,0,0
3,TextClassifier,0,0,0,0,122
4,ContentClassifierV6,127,0,127,1,0
4,EmptyElementClassifier,0,0,0,0,2
4,EnhancedClauseClassifierV6,26,0,26,2,0
4,HeadingClassifierV6,6,4,2,0,0
4,ImprovedMetadataRemoverV7,0,0,0,0,222
4,LegalContentClassifierV6,10,2,8,3,0
4,MainTitleClassifierV6,2,2,0,0,0
4,SmartSectionClassifierV6,20,10,10,3,0
4,TextClassifier,0,0,0,0,252
5,ContentClassifierV6,154,0,154,1,0
5,EmptyElementClassifier,0,0,0,0,2
5,EnhancedClauseClassifierV6,26,0,26,2,0
5,HeadingClassifierV6,6,4,2,0,0
5,ImprovedMetadataRemoverV7,0,0,0,0,230
5,LegalContentClassifierV6,14,3,11,3,0
5,MainTitleClassifierV6,2,2,0,0,0
5,SmartSectionClassifierV6,20,10,10,3,0
5,TextClassifier,0,0,0,0,640
6,ContentClassifierV6,346,0,346,1,0
6,EmptyElementClassifier,0,0,0,0,2
6,EnhancedClauseClassifierV6,76,0,76,3,0
6,EnhancedTOCDetector,1,1,0,1,0
6,HeadingClassifierV6,35,19,16,0,0
6,ImprovedMetadataRemoverV7,0,0,0,0,237
6,LegalContentClassifierV6,21,5,16,3,0
6,MainTitleClassifierV6,3,3,0,0,0
6,SmartSectionClassifierV6,26,16,10,3,0
6,TextClassifier,0,0,0,0,1013
7,ContentClassifierV6,353,0,353,1,0
7,EmptyElementClassifier,0,0,0,0,2
7,EnhancedClauseClassifierV6,76,0,76,3,0
7,EnhancedTOCDetector,1,1,0,1,0
7,HeadingClassifierV6,42,25,17,0,0
7,ImprovedMetadataRemoverV7,0,0,0,0,246
7,LegalContentClassifierV6,23,5,18,3,0
7,MainTitleClassifierV6,4,4,0,0,0
7,SmartSectionClassifierV6,26,16,10,3,0
7,TextClassifier,0,0,0,0,1055
8,ContentClassifierV6,377,0,377,2,0
8,EmptyElementClassifier,0,0,0,0,2
8,EnhancedClauseClassifierV6,76,0,76,3,0
8,EnhancedTOCDetector,1,1,0,1,0
8,HeadingClassifierV6,48,31,17,0,0
8,ImprovedMetadataRemoverV7,0,0,0,0,254
8,LegalContentClassifierV6,24,5,19,3,0
8,MainTitleClassifierV6,5,5,0,0,0
8,SmartSectionClassifierV6,26,16,10,3,0
8,TextClassifier,0,0,0,0,1086
9,ContentClassifierV6,377,0,377,2,0
9,EmptyElementClassifier,0,0,0,0,2
9,EnhancedClauseClassifierV6,76,0,76,3,0
9,EnhancedTOCDetector,1,1,0,1,0
9,HeadingClassifierV6,48,31,17,0,0
9,ImprovedMetadataRemoverV7,0,0,0,0,255
9,LegalContentClassifierV6,24,5,19,3,0
9,MainTitleClassifierV6,5,5,0,0,0
9,SmartSectionClassifierV6,26,16,10,3,0
9,TextClassifier,0,0,0,0,1094
10,ContentClassifierV6,390,0,390,4,0
10,EmptyElementClassifier,0,0,0,0,2
10,EnhancedClauseClassifierV6,76,0,76,3,0
10,EnhancedTOCDetector,1,1,0,1,0
10,HeadingClassifierV6,48,31,17,0,0
10,ImprovedMetadataRemoverV7,0,0,0,0,278
10,LegalContentClassifierV6,24,5,19,3,0
10,MainTitleClassifierV6,5,5,0,0,0
10,SmartSectionClassifierV6,26,16,10,3,0
10,TextClassifier,0,0,0,0,1132
11,ContentClassifierV6,412,0,412,4,0
11,EmptyElementClassifier,0,0,0,0,2
11,EnhancedClauseClassifierV6,76,0,76,3,0
11,EnhancedTOCDetector,1,1,0,1,0
11,HeadingClassifierV6,52,33,19,0,0
11,ImprovedMetadataRemoverV7,0,0,0,0,300
11,LateMetadataRemoverStep,-5,0,0,0,0
11,LegalContentClassifierV6,25,5,20,3,0
11,MainTitleClassifierV6,6,6,0,0,0
11,SmartSectionClassifierV6,27,16,11,3,0
11,TextClassifier,0,0,0,0,1187
12,ContentClassifierV6,436,0,436,4,0
12,EmptyElementClassifier,0,0,0,0,2
12,EnhancedClauseClassifierV6,80,0,80,5,0
12,EnhancedTOCDetector,1,1,0,1,0
12,HeadingClassifierV6,55,36,19,0,0
12,ImprovedMetadataRemoverV7,0,0,0,0,312
12,LateMetadataRemoverStep,-5,0,0,0,0
12,LegalContentClassifierV6,25,5,20,3,0
12,MainTitleClassifierV6,7,7,0,0,0
12,SmartSectionClassifierV6,27,16,11,3,0
12,TextClassifier,0,0,0,0,1242
13,ContentClassifierV6,462,0,462,4,0
13,EmptyElementClassifier,0,0,0,0,16
13,EnhancedClauseClassifierV6,87,0,87,5,0
13,EnhancedTOCDetector,1,1,0,1,0
13,HeadingClassifierV6,58,37,21,0,0
13,ImprovedMetadataRemoverV7,0,0,0,0,338
13,LateMetadataRemoverStep,-5,0,0,0,0
13,LegalContentClassifierV6,27,5,22,3,0
13,MainTitleClassifierV6,7,7,0,0,0
13,SmartSectionClassifierV6,27,16,11,3,0
13,TextClassifier,0,0,0,0,1332
14,ContentClassifierV6,505,0,505,4,0
14,EmptyElementClassifier,0,0,0,0,16
14,EnhancedClauseClassifierV6,98,0,98,5,0
14,EnhancedTOCDetector,1,1,0,1,0
14,HeadingClassifierV6,65,40,25,0,0
14,ImprovedMetadataRemoverV7,0,0,0,0,352
14,LateMetadataRemoverStep,-5,0,0,0,0
14,LegalContentClassifierV6,32,5,27,3,0
14,MainTitleClassifierV6,8,8,0,0,0
14,SmartSectionClassifierV6,27,16,11,3,0
14,TextClassifier,0,0,0,0,1439
15,ContentClassifierV6,557,0,557,4,0
15,EmptyElementClassifier,0,0,0,0,16
15,EnhancedClauseClassifierV6,104,0,104,5,0
15,EnhancedTOCDetector,1,1,0,1,0
15,HeadingClassifierV6,67,42,25,0,0
15,ImprovedMetadataRemoverV7,0,0,0,0,378
15,LateMetadataRemoverStep,-5,0,0,0,0
15,LegalContentClassifierV6,50,5,45,3,0
15,MainTitleClassifierV6,9,9,0,0,0
15,SmartSectionClassifierV6,35,16,19,3,0
15,TextClassifier,0,0,0,0,1509
16,ContentClassifierV6,598,0,598,4,0
16,EmptyElementClassifier,0,0,0,0,16
16,EnhancedClauseClassifierV6,104,0,104,5,0
16,EnhancedTOCDetector,1,1,0,1,0
16,HeadingClassifierV6,67,42,25,0,0
16,ImprovedMetadataRemoverV7,0,0,0,0,463
16,LateMetadataRemoverStep,-5,0,0,0,0
16,LegalContentClassifierV6,59,5,54,3,0
16,MainTitleClassifierV6,10,10,0,0,0
16,SmartSectionClassifierV6,38,19,19,3,0
16,TextClassifier,0,0,0,0,1572
17,ContentClassifierV6,666,0,666,4,0
17,EmptyElementClassifier,0,0,0,0,16
17,EnhancedClauseClassifierV6,115,0,115,5,0
17,EnhancedTOCDetector,1,1,0,1,0
17,HeadingClassifierV6,75,50,25,0,0
17,ImprovedMetadataRemoverV7,0,0,0,0,522
17,LateMetadataRemoverStep,-5,0,0,0,0
17,LegalContentClassifierV6,70,9,61,3,0
17,MainTitleClassifierV6,11,11,0,0,0
17,SmartSectionClassifierV6,47,26,21,3,0
17,TextClassifier,0,0,0,0,1649
18,ContentClassifierV6,667,0,667,4,0
18,EmptyElementClassifier,0,0,0,0,16
18,EnhancedClauseClassifierV6,115,0,115,5,0
18,EnhancedTOCDetector,1,1,0,1,0
18,HeadingClassifierV6,75,50,25,0,0
18,ImprovedMetadataRemoverV7,0,0,0,0,522
18,LateMetadataRemoverStep,-5,0,0,0,0
18,LegalContentClassifierV6,70,9,61,3,0
18,MainTitleClassifierV6,11,11,0,0,0
18,SmartSectionClassifierV6,47,26,21,3,0
18,TextClassifier,0,0,0,0,1657
19,ContentClassifierV6,672,0,672,4,0
19,EmptyElementClassifier,0,0,0,0,16
19,EnhancedClauseClassifierV6,115,0,115,5,0
19,EnhancedTOCDetector,1,1,0,1,0
19,HeadingClassifierV6,77,52,25,0,0
19,ImprovedMetadataRemoverV7,0,0,0,0,525
19,LateMetadataRemoverStep,-5,0,0,0,0
19,LegalContentClassifierV6,70,9,61,3,0
19,MainTitleClassifierV6,12,12,0,0,0
19,SmartSectionClassifierV6,48,26,22,3,0
19,TextClassifier,0,0,0,0,1674
20,ContentClassifierV6,679,0,679,4,0
20,EmptyElementClassifier,0,0,0,0,16
20,EnhancedClauseClassifierV6,123,0,123,5,0
20,EnhancedTOCDetector,1,1,0,1,0
20,HeadingClassifierV6,79,54,25,0,0
20,ImprovedMetadataRemoverV7,0,0,0,0,530
20,LateMetadataRemoverStep,-5,0,0,0,0
20,LegalContentClassifierV6,70,9,61,3,0
20,MainTitleClassifierV6,12,12,0,0,0
20,SmartSectionClassifierV6,48,26,22,3,0
20,TextClassifier,0,0,0,0,1692
21,ContentClassifierV6,692,0,692,4,0
21,EmptyElementClassifier,0,0,0,0,16
21,EnhancedClauseClassifierV6,123,0,123,5,0
21,EnhancedTOCDetector,1,1,0,1,0
21,HeadingClassifierV6,79,54,25,0,0
21,ImprovedMetadataRemoverV7,0,0,0,0,532
21,LateMetadataRemoverStep,-5,0,0,0,0
21,LegalContentClassifierV6,74,9,65,3,0
21,MainTitleClassifierV6,13,13,0,0,0
21,SmartSectionClassifierV6,48,26,22,3,0
21,TextClassifier,0,0,0,0,1705
22,ContentClassifierV6,695,0,695,4,0
22,EmptyElementClassifier,0,0,0,0,16
22,EnhancedClauseClassifierV6,123,0,123,5,0
22,EnhancedTOCDetector,1,1,0,1,0
22,HeadingClassifierV6,79,54,25,0,0
22,ImprovedMetadataRemoverV7,0,0,0,0,533
22,LateMetadataRemoverStep,-5,0,0,0,0
22,LegalContentClassifierV6,77,9,68,3,0
22,MainTitleClassifierV6,14,14,0,0,0
22,SmartSectionClassifierV6,48,26,22,3,0
22,TextClassifier,0,0,0,0,1708
23,ContentClassifierV6,701,0,701,4,0
23,EmptyElementClassifier,0,0,0,0,16
23,EnhancedClauseClassifierV6,123,0,123,5,0
23,EnhancedTOCDetector,1,1,0,1,0
23,HeadingClassifierV6,79,54,25,0,0
23,ImprovedMetadataRemoverV7,0,0,0,0,534
23,LateMetadataRemoverStep,-5,0,0,0,0
23,LegalContentClassifierV6,78,10,68,3,0
23,MainTitleClassifierV6,14,14,0,0,0
23,SmartSectionClassifierV6,52,30,22,3,0
23,TextClassifier,0,0,0,0,1713
24,ContentClassifierV6,702,0,702,4,0
24,EmptyElementClassifier,0,0,0,0,16
24,EnhancedClauseClassifierV6,123,0,123,5,0
24,EnhancedTOCDetector,1,1,0,1,0
24,HeadingClassifierV6,79,54,25,0,0
24,ImprovedMetadataRemoverV7,0,0,0,0,540
24,LateMetadataRemoverStep,-5,0,0,0,0
24,LegalContentClassifierV6,78,10,68,3,0
24,MainTitleClassifierV6,14,14,0,0,0
24,SmartSectionClassifierV6,52,30,22,3,0
24,TextClassifier,0,0,0,0,1852
25,ContentClassifierV6,750,0,750,4,0
25,EmptyElementClassifier,0,0,0,0,16
25,EnhancedClauseClassifierV6,123,0,123,5,0
25,EnhancedTOCDetector,1,1,0,1,0
25,HeadingClassifierV6,87,62,25,0,0
25,ImprovedMetadataRemoverV7,0,0,0,0,560
25,LateMetadataRemoverStep,-5,0,0,0,0
25,LegalContentClassifierV6,87,12,75,3,0
25,MainTitleClassifierV6,15,15,0,0,0
25,SmartSectionClassifierV6,54,30,24,3,0
25,TextClassifier,0,0,0,0,2057
26,ContentClassifierV6,804,0,804,4,0
26,EmptyElementClassifier,0,0,0,0,16
26,EnhancedClauseClassifierV6,127,0,127,5,0
26,EnhancedTOCDetector,1,1,0,1,0
26,HeadingClassifierV6,90,64,26,0,0
26,ImprovedMetadataRemoverV7,0,0,0,0,575
26,LateMetadataRemoverStep,-5,0,0,0,0
26,LegalContentClassifierV6,95,14,81,3,0
26,MainTitleClassifierV6,16,16,0,0,0
26,SmartSectionClassifierV6,62,30,32,3,0
26,TextClassifier,0,0,0,0,2130
27,ContentClassifierV6,817,0,817,4,0
27,EmptyElementClassifier,0,0,0,0,16
27,EnhancedClauseClassifierV6,127,0,127,5,0
27,EnhancedTOCDetector,1,1,0,1,0
27,HeadingClassifierV6,90,64,26,0,0
27,ImprovedMetadataRemoverV7,0,0,0,0,590
27,LateMetadataRemoverStep,-5,0,0,0,0
27,LegalContentClassifierV6,95,14,81,3,0
27,MainTitleClassifierV6,16,16,0,0,0
27,SmartSectionClassifierV6,62,30,32,3,0
27,TextClassifier,0,0,0,0,2157
28,ContentClassifierV6,837,0,837,4,0
28,EmptyElementClassifier,0,0,0,0,16
28,EnhancedClauseClassifierV6,133,0,133,5,0
28,EnhancedTOCDetector,1,1,0,1,0
28,HeadingClassifierV6,92,66,26,0,0
28,ImprovedMetadataRemoverV7,0,0,0,0,654
28,LateMetadataRemoverStep,-5,0,0,0,0
28,LegalContentClassifierV6,95,14,81,3,0
28,MainTitleClassifierV6,17,17,0,0,0
28,SmartSectionClassifierV6,64,30,34,3,0
28,TextClassifier,0,0,0,0,2227
29,ContentClassifierV6,887,0,887,4,0
29,EmptyElementClassifier,0,0,0,0,16
29,EnhancedClauseClassifierV6,152,0,152,5,0
29,EnhancedTOCDetector,1,1,0,1,0
29,HeadingClassifierV6,96,68,28,0,0
29,ImprovedMetadataRemoverV7,0,0,0,0,736
29,LateMetadataRemoverStep,-5,0,0,0,0
29,LegalContentClassifierV6,104,15,89,3,0
29,MainTitleClassifierV6,18,18,0,0,0
29,SmartSectionClassifierV6,68,30,38,3,0
29,TextClassifier,0,0,0,0,2318
30,ContentClassifierV6,949,0,949,4,0
30,EmptyElementClassifier,0,0,0,0,16
30,EnhancedClauseClassifierV6,158,0,158,5,0
30,EnhancedTOCDetector,1,1,0,1,0
30,HeadingClassifierV6,109,70,39,0,0
30,ImprovedMetadataRemoverV7,0,0,0,0,768
30,LateMetadataRemoverStep,-5,0,0,0,0
30,LegalContentClassifierV6,106,15,91,3,0
30,MainTitleClassifierV6,19,19,0,0,0
30,SmartSectionClassifierV6,69,30,39,3,0
30,TextClassifier,0,0,0,0,2397
31,ContentClassifierV6,950,0,950,4,0
31,EmptyElementClassifier,0,0,0,0,16
31,EnhancedClauseClassifierV6,158,0,158,5,0
31,EnhancedTOCDetector,1,1,0,1,0
31,HeadingClassifierV6,109,70,39,0,0
31,ImprovedMetadataRemoverV7,0,0,0,0,768
31,LateMetadataRemoverStep,-5,0,0,0,0
31,LegalContentClassifierV6,106,15,91,3,0
31,MainTitleClassifierV6,19,19,0,0,0
31,SmartSectionClassifierV6,69,30,39,3,0
31,TextClassifier,0,0,0,0,2455
32,ContentClassifierV6,1022,0,1022,4,0
32,EmptyElementClassifier,0,0,0,0,16
32,EnhancedClauseClassifierV6,180,0,180,5,0
32,EnhancedTOCDetector,1,1,0,1,0
32,HeadingClassifierV6,112,71,41,0,0
32,ImprovedMetadataRemoverV7,0,0,0,0,768
32,LateMetadataRemoverStep,-5,0,0,0,0
32,LegalContentClassifierV6,106,15,91,3,0
32,MainTitleClassifierV6,19,19,0,0,0
32,SmartSectionClassifierV6,69,30,39,3,0
32,TextClassifier,0,0,0,0,2531
33,ContentClassifierV6,1026,0,1026,4,0
33,EmptyElementClassifier,0,0,0,0,16
33,EnhancedClauseClassifierV6,180,0,180,5,0
33,EnhancedTOCDetector,1,1,0,1,0
33,HeadingClassifierV6,112,71,41,0,0
33,ImprovedMetadataRemoverV7,0,0,0,0,784
33,LateMetadataRemoverStep,-5,0,0,0,0
33,LegalContentClassifierV6,106,15,91,3,0
33,MainTitleClassifierV6,19,19,0,0,0
33,SmartSectionClassifierV6,69,30,39,3,0
33,TextClassifier,0,0,0,0,2603
34,ContentClassifierV6,1100,0,1100,4,0
34,EmptyElementClassifier,0,0,0,0,16
34,EnhancedClauseClassifierV6,193,0,193,5,0
34,EnhancedTOCDetector,1,1,0,1,0
34,HeadingClassifierV6,115,74,41,0,0
34,ImprovedMetadataRemoverV7,0,0,0,0,842
34,LateMetadataRemoverStep,-5,0,0,0,0
34,LegalContentClassifierV6,110,17,93,3,0
34,MainTitleClassifierV6,20,20,0,0,0
34,SmartSectionClassifierV6,69,30,39,3,0
34,TextClassifier,0,0,0,0,2692
35,ContentClassifierV6,1174,0,1174,4,0
35,EmptyElementClassifier,0,0,0,0,16
35,EnhancedClauseClassifierV6,193,0,193,5,0
35,EnhancedTOCDetector,1,1,0,1,0
35,HeadingClassifierV6,126,83,43,0,0
35,ImprovedMetadataRemoverV7,0,0,0,0,893
35,LateMetadataRemoverStep,-5,0,0,0,0
35,LegalContentClassifierV6,115,17,98,3,0
35,MainTitleClassifierV6,21,21,0,0,0
35,SmartSectionClassifierV6,69,30,39,3,0
35,TextClassifier,0,0,0,0,2875
36,ContentClassifierV6,1250,0,1250,4,0
36,EmptyElementClassifier,0,0,0,0,16
36,EnhancedClauseClassifierV6,205,0,205,5,0
36,EnhancedTOCDetector,1,1,0,1,0
36,HeadingClassifierV6,129,86,43,0,0
36,ImprovedMetadataRemoverV7,0,0,0,0,914
36,LateMetadataRemoverStep,-5,0,0,0,0
36,LegalContentClassifierV6,115,17,98,3,0
36,MainTitleClassifierV6,22,22,0,0,0
36,SmartSectionClassifierV6,69,30,39,3,0
36,TextClassifier,0,0,0,0,3027
37,ContentClassifierV6,1334,0,1334,4,0
37,EmptyElementClassifier,0,0,0,0,19
37,EnhancedClauseClassifierV6,222,0,222,5,0
37,EnhancedTOCDetector,1,1,0,1,0
37,HeadingClassifierV6,133,89,44,0,0
37,ImprovedMetadataRemoverV7,0,0,0,0,978
37,LateMetadataRemoverStep,-5,0,0,0,0
37,LegalContentClassifierV6,115,17,98,3,0
37,MainTitleClassifierV6,23,23,0,0,0
37,SmartSectionClassifierV6,69,30,39,3,0
37,TextClassifier,0,0,0,0,3108
38,ContentClassifierV6,1334,0,1334,4,0
38,EmptyElementClassifier,0,0,0,0,19
38,EnhancedClauseClassifierV6,222,0,222,5,0
38,EnhancedTOCDetector,1,1,0,1,0
38,HeadingClassifierV6,133,89,44,0,0
38,ImprovedMetadataRemoverV7,0,0,0,0,1030
38,LateMetadataRemoverStep,-5,0,0,0,0
38,LegalContentClassifierV6,115,17,98,3,0
38,MainTitleClassifierV6,23,23,0,0,0
38,SmartSectionClassifierV6,69,30,39,3,0
38,TextClassifier,0,0,0,0,3108
39,ContentClassifierV6,1334,0,1334,4,0
39,EmptyElementClassifier,0,0,0,0,19
39,EnhancedClauseClassifierV6,222,0,222,5,0
39,EnhancedTOCDetector,1,1,0,1,0
39,HeadingClassifierV6,134,90,44,0,0
39,ImprovedMetadataRemoverV7,0,0,0,0,1036
39,LateMetadataRemoverStep,-5,0,0,0,0
39,LegalContentClassifierV6,116,18,98,3,0
39,MainTitleClassifierV6,23,23,0,0,0
39,SmartSectionClassifierV6,69,30,39,3,0
39,TextClassifier,0,0,0,0,3141
40,ContentClassifierV6,1380,0,1380,4,0
40,EmptyElementClassifier,0,0,0,0,22
40,EnhancedClauseClassifierV6,226,0,226,5,0
40,EnhancedTOCDetector,1,1,0,1,0
40,HeadingClassifierV6,137,92,45,0,0
40,ImprovedMetadataRemoverV7,0,0,0,0,1042
40,LateMetadataRemoverStep,-5,0,0,0,0
40,LegalContentClassifierV6,116,18,98,3,0
40,MainTitleClassifierV6,24,24,0,0,0
40,SmartSectionClassifierV6,69,30,39,3,0
40,TextClassifier,0,0,0,0,3190
41,ContentClassifierV6,1380,0,1380,4,0
41,EmptyElementClassifier,0,0,0,0,22
41,EnhancedClauseClassifierV6,226,0,226,5,0
41,EnhancedTOCDetector,1,1,0,1,0
41,HeadingClassifierV6,137,92,45,0,0
41,ImprovedMetadataRemoverV7,0,0,0,0,1129
41,LateMetadataRemoverStep,-5,0,0,0,0
41,LegalContentClassifierV6,117,18,99,3,0
41,MainTitleClassifierV6,24,24,0,0,0
41,SmartSectionClassifierV6,69,30,39,3,0
41,TextClassifier,0,0,0,0,3331
42,ContentClassifierV6,1511,0,1511,4,0
42,EmptyElementClassifier,0,0,0,0,22
42,EnhancedClauseClassifierV6,249,0,249,5,0
42,EnhancedTOCDetector,1,1,0,1,0
42,HeadingClassifierV6,149,100,49,0,0
42,ImprovedMetadataRemoverV7,0,0,0,0,1216
42,LateMetadataRemoverStep,-5,0,0,0,0
42,LegalContentClassifierV6,128,24,104,3,0
42,MainTitleClassifierV6,25,25,0,0,0
42,SmartSectionClassifierV6,73,30,43,3,0
42,TextClassifier,0,0,0,0,3489
43,ContentClassifierV6,1514,0,1514,4,0
43,EmptyElementClassifier,0,0,0,0,22
43,EnhancedClauseClassifierV6,249,0,249,5,0
43,EnhancedTOCDetector,1,1,0,1,0
43,HeadingClassifierV6,149,100,49,0,0
43,ImprovedMetadataRemoverV7,0,0,0,0,1238
43,LateMetadataRemoverStep,-5,0,0,0,0
43,LegalContentClassifierV6,128,24,104,3,0
43,MainTitleClassifierV6,25,25,0,0,0
43,SmartSectionClassifierV6,73,30,43,3,0
43,TextClassifier,0,0,0,0,3506
44,ContentClassifierV6,1543,0,1543,4,0
44,EmptyElementClassifier,0,0,0,0,22
44,EnhancedClauseClassifierV6,257,0,257,5,0
44,EnhancedTOCDetector,1,1,0,1,0
44,HeadingClassifierV6,156,102,54,0,0
44,ImprovedMetadataRemoverV7,0,0,0,0,1264
44,LateMetadataRemoverStep,-5,0,0,0,0
44,LegalContentClassifierV6,134,25,109,3,0
44,MainTitleClassifierV6,26,26,0,0,0
44,SmartSectionClassifierV6,73,30,43,3,0
44,TextClassifier,0,0,0,0,3557
45,ContentClassifierV6,1553,0,1553,4,0
45,EmptyElementClassifier,0,0,0,0,22
45,EnhancedClauseClassifierV6,257,0,257,5,0
45,EnhancedTOCDetector,1,1,0,1,0
45,HeadingClassifierV6,156,102,54,0,0
45,ImprovedMetadataRemoverV7,0,0,0,0,1268
45,LateMetadataRemoverStep,-5,0,0,0,0
45,LegalContentClassifierV6,134,25,109,3,0
45,MainTitleClassifierV6,27,27,0,0,0
45,SmartSectionClassifierV6,77,30,47,3,0
45,TextClassifier,0,0,0,0,3568
46,ContentClassifierV6,1554,0,1554,4,0
46,EmptyElementClassifier,0,0,0,0,22
46,EnhancedClauseClassifierV6,257,0,257,5,0
46,EnhancedTOCDetector,1,1,0,1,0
46,HeadingClassifierV6,156,102,54,0,0
46,ImprovedMetadataRemoverV7,0,0,0,0,1286
46,LateMetadataRemoverStep,-5,0,0,0,0
46,LegalContentClassifierV6,134,25,109,3,0
46,MainTitleClassifierV6,27,27,0,0,0
46,SmartSectionClassifierV6,77,30,47,3,0
46,TextClassifier,0,0,0,0,3586
47,ContentClassifierV6,1575,0,1575,4,0
47,EmptyElementClassifier,0,0,0,0,22
47,EnhancedClauseClassifierV6,262,0,262,5,0
47,EnhancedTOCDetector,1,1,0,1,0
47,HeadingClassifierV6,157,103,54,0,0
47,ImprovedMetadataRemoverV7,0,0,0,0,1304
47,LateMetadataRemoverStep,-5,0,0,0,0
47,LegalContentClassifierV6,138,25,113,3,0
47,MainTitleClassifierV6,28,28,0,0,0
47,SmartSectionClassifierV6,78,30,48,3,0
47,TextClassifier,0,0,0,0,3622
48,ContentClassifierV6,1589,0,1589,4,0
48,EmptyElementClassifier,0,0,0,0,22
48,EnhancedClauseClassifierV6,262,0,262,5,0
48,EnhancedTOCDetector,1,1,0,1,0
48,HeadingClassifierV6,157,103,54,0,0
48,ImprovedMetadataRemoverV7,0,0,0,0,1329
48,LateMetadataRemoverStep,-5,0,0,0,0
48,LegalContentClassifierV6,142,27,115,3,0
48,MainTitleClassifierV6,28,28,0,0,0
48,SmartSectionClassifierV6,78,30,48,3,0
48,TextClassifier,0,0,0,0,3661
49,ContentClassifierV6,1652,0,1652,4,0
49,EmptyElementClassifier,0,0,0,0,22
49,EnhancedClauseClassifierV6,275,0,275,5,0
49,EnhancedTOCDetector,1,1,0,1,0
49,HeadingClassifierV6,170,110,60,0,0
49,ImprovedMetadataRemoverV7,0,0,0,0,1367
49,LateMetadataRemoverStep,-5,0,0,0,0
49,LegalContentClassifierV6,155,30,125,3,0
49,MainTitleClassifierV6,29,29,0,0,0
49,SmartSectionClassifierV6,80,30,50,3,0
49,TextClassifier,0,0,0,0,3771
50,ContentClassifierV6,1722,0,1722,4,0
50,EmptyElementClassifier,0,0,0,0,22
50,EnhancedClauseClassifierV6,286,0,286,5,0
50,EnhancedTOCDetector,1,1,0,1,0
50,HeadingClassifierV6,173,112,61,0,0
50,ImprovedMetadataRemoverV7,0,0,0,0,1406
50,LateMetadataRemoverStep,-5,0,0,0,0
50,LegalContentClassifierV6,163,32,131,3,0
50,MainTitleClassifierV6,30,30,0,0,0
50,SmartSectionClassifierV6,80,30,50,3,0
50,TextClassifier,0,0,0,0,3917
51,ContentClassifierV6,1788,0,1788,4,0
51,EmptyElementClassifier,0,0,0,0,22
51,EnhancedClauseClassifierV6,315,0,315,5,0
51,EnhancedTOCDetector,1,1,0,1,0
51,HeadingClassifierV6,178,117,61,0,0
51,ImprovedMetadataRemoverV7,0,0,0,0,1415
51,LateMetadataRemoverStep,-5,0,0,0,0
51,LegalContentClassifierV6,165,32,133,3,0
51,MainTitleClassifierV6,31,31,0,0,0
51,SmartSectionClassifierV6,86,36,50,3,0
51,TextClassifier,0,0,0,0,4176
52,ContentClassifierV6,1921,0,1921,4,0
52,EmptyElementClassifier,0,0,0,0,22
52,EnhancedClauseClassifierV6,325,0,325,5,0
52,EnhancedTOCDetector,1,1,0,1,0
52,HeadingClassifierV6,197,130,67,0,0
52,ImprovedMetadataRemoverV7,0,0,0,0,1415
52,LateMetadataRemoverStep,-5,0,0,0,0
52,LegalContentClassifierV6,168,32,136,3,0
52,MainTitleClassifierV6,32,32,0,0,0
52,SmartSectionClassifierV6,86,36,50,3,0
52,TextClassifier,0,0,0,0,4368
53,ContentClassifierV6,1933,0,1933,4,0
53,EmptyElementClassifier,0,0,0,0,22
53,EnhancedClauseClassifierV6,325,0,325,5,0
53,EnhancedTOCDetector,1,1,0,1,0
53,HeadingClassifierV6,197,130,67,0,0
53,ImprovedMetadataRemoverV7,0,0,0,0,1415
53,LateMetadataRemoverStep,-5,0,0,0,0
53,LegalContentClassifierV6,168,32,136,3,0
53,MainTitleClassifierV6,32,32,0,0,0
53,SmartSectionClassifierV6,87,37,50,3,0
53,TextClassifier,0,0,0,0,4394
54,ContentClassifierV6,1957,0,1957,4,0
54,EmptyElementClassifier,0,0,0,0,22
54,EnhancedClauseClassifierV6,328,0,328,5,0
54,EnhancedTOCDetector,1,1,0,1,0
54,HeadingClassifierV6,200,133,67,0,0
54,ImprovedMetadataRemoverV7,0,0,0,0,1421
54,LateMetadataRemoverStep,-5,0,0,0,0
54,LegalContentClassifierV6,170,32,138,3,0
54,MainTitleClassifierV6,33,33,0,0,0
54,SmartSectionClassifierV6,87,37,50,3,0
54,TextClassifier,0,0,0,0,4548
55,ContentClassifierV6,2010,0,2010,4,0
55,EmptyElementClassifier,0,0,0,0,22
55,EnhancedClauseClassifierV6,330,0,330,5,0
55,EnhancedTOCDetector,1,1,0,1,0
55,HeadingClassifierV6,240,142,98,0,0
55,ImprovedMetadataRemoverV7,0,0,0,0,1439
55,LateMetadataRemoverStep,-5,0,0,0,0
55,LegalContentClassifierV6,178,36,142,3,0
55,MainTitleClassifierV6,34,34,0,0,0
55,SmartSectionClassifierV6,99,48,51,3,0
55,TextClassifier,0,0,0,0,4734
56,ContentClassifierV6,2041,0,2041,4,0
56,EmptyElementClassifier,0,0,0,0,22
56,EnhancedClauseClassifierV6,332,0,332,5,0
56,EnhancedTOCDetector,1,1,0,1,0
56,HeadingClassifierV6,256,143,113,0,0
56,ImprovedMetadataRemoverV7,0,0,0,0,1464
56,LateMetadataRemoverStep,-5,0,0,0,0
56,LegalContentClassifierV6,179,36,143,3,0
56,MainTitleClassifierV6,35,35,0,0,0
56,SmartSectionClassifierV6,99,48,51,3,0
56,TextClassifier,0,0,0,0,4863
57,ContentClassifierV6,2080,0,2080,4,0
57,EmptyElementClassifier,0,0,0,0,22
57,EnhancedClauseClassifierV6,333,0,333,5,0
57,EnhancedTOCDetector,1,1,0,1,0
57,HeadingClassifierV6,258,144,114,0,0
57,ImprovedMetadataRemoverV7,0,0,0,0,1477
57,LateMetadataRemoverStep,-5,0,0,0,0
57,LegalContentClassifierV6,180,37,143,3,0
57,MainTitleClassifierV6,36,36,0,0,0
57,SmartSectionClassifierV6,99,48,51,3,0
57,TextClassifier,0,0,0,0,4943
58,ContentClassifierV6,2095,0,2095,4,0
58,EmptyElementClassifier,0,0,0,0,22
58,EnhancedClauseClassifierV6,333,0,333,5,0
58,EnhancedTOCDetector,1,1,0,1,0
58,HeadingClassifierV6,258,144,114,0,0
58,ImprovedMetadataRemoverV7,0,0,0,0,1477
58,LateMetadataRemoverStep,-5,0,0,0,0
58,LegalContentClassifierV6,181,37,144,3,0
58,MainTitleClassifierV6,36,36,0,0,0
58,SmartSectionClassifierV6,99,48,51,3,0
58,TextClassifier,0,0,0,0,4957
59,ContentClassifierV6,2095,0,2095,4,0
59,EmptyElementClassifier,0,0,0,0,22
59,EnhancedClauseClassifierV6,333,0,333,5,0
59,EnhancedTOCDetector,1,1,0,1,0
59,HeadingClassifierV6,258,144,114,0,0
59,ImprovedMetadataRemoverV7,0,0,0,0,1576
59,LateMetadataRemoverStep,-5,0,0,0,0
59,LegalContentClassifierV6,182,37,145,3,0
59,MainTitleClassifierV6,36,36,0,0,0
59,SmartSectionClassifierV6,99,48,51,3,0
59,TextClassifier,0,0,0,0,5076
60,ContentClassifierV6,2210,0,2210,4,0
60,EmptyElementClassifier,0,0,0,0,22
60,EnhancedClauseClassifierV6,351,0,351,5,0
60,EnhancedTOCDetector,2,2,0,1,0
60,HeadingClassifierV6,263,146,117,0,0
60,ImprovedMetadataRemoverV7,0,0,0,0,1675
60,LateMetadataRemoverStep,-5,0,0,0,0
60,LegalContentClassifierV6,197,47,150,3,0
60,MainTitleClassifierV6,37,37,0,0,0
60,SmartSectionClassifierV6,113,48,65,3,0
60,TextClassifier,0,0,0,0,5226
61,ContentClassifierV6,2227,0,2227,4,0
61,EmptyElementClassifier,0,0,0,0,22
61,EnhancedClauseClassifierV6,351,0,351,5,0
61,EnhancedTOCDetector,2,2,0,1,0
61,HeadingClassifierV6,263,146,117,0,0
61,ImprovedMetadataRemoverV7,0,0,0,0,1713
61,LateMetadataRemoverStep,-5,0,0,0,0
61,LegalContentClassifierV6,197,47,150,3,0
61,MainTitleClassifierV6,37,37,0,0,0
61,SmartSectionClassifierV6,113,48,65,3,0
61,TextClassifier,0,0,0,0,5389
62,ContentClassifierV6,2362,0,2362,4,0
62,EmptyElementClassifier,0,0,0,0,22
62,EnhancedClauseClassifierV6,353,0,353,5,0
62,EnhancedTOCDetector,2,2,0,1,0
62,HeadingClassifierV6,292,172,120,0,0
62,ImprovedMetadataRemoverV7,0,0,0,0,1761
62,LateMetadataRemoverStep,-5,0,0,0,0
62,LegalContentClassifierV6,199,47,152,3,0
62,MainTitleClassifierV6,38,38,0,0,0
62,SmartSectionClassifierV6,113,48,65,3,0
62,TextClassifier,0,0,0,0,5606
63,ContentClassifierV6,2392,0,2392,4,0
63,EmptyElementClassifier,0,0,0,0,22
63,EnhancedClauseClassifierV6,358,0,358,5,0
63,EnhancedTOCDetector,2,2,0,1,0
63,HeadingClassifierV6,294,173,121,0,0
63,ImprovedMetadataRemoverV7,0,0,0,0,1771
63,LateMetadataRemoverStep,-5,0,0,0,0
63,LegalContentClassifierV6,203,47,156,3,0
63,MainTitleClassifierV6,39,39,0,0,0
63,SmartSectionClassifierV6,119,53,66,3,0
63,TextClassifier,0,0,0,0,5694
64,ContentClassifierV6,2420,0,2420,4,0
64,EmptyElementClassifier,0,0,0,0,22
64,EnhancedClauseClassifierV6,367,0,367,5,0
64,EnhancedTOCDetector,2,2,0,1,0
64,HeadingClassifierV6,307,186,121,0,0
64,ImprovedMetadataRemoverV7,0,0,0,0,1771
64,LateMetadataRemoverStep,-5,0,0,0,0
64,LegalContentClassifierV6,206,47,159,3,0
64,MainTitleClassifierV6,40,40,0,0,0
64,SmartSectionClassifierV6,120,53,67,3,0
64,TextClassifier,0,0,0,0,5742
65,ContentClassifierV6,2420,0,2420,4,0
65,EmptyElementClassifier,0,0,0,0,22
65,EnhancedClauseClassifierV6,367,0,367,5,0
65,EnhancedTOCDetector,2,2,0,1,0
65,HeadingClassifierV6,307,186,121,0,0
65,ImprovedMetadataRemoverV7,0,0,0,0,1783
65,LateMetadataRemoverStep,-5,0,0,0,0
65,LegalContentClassifierV6,207,47,160,3,0
65,MainTitleClassifierV6,40,40,0,0,0
65,SmartSectionClassifierV6,120,53,67,3,0
65,TextClassifier,0,0,0,0,5992
66,ContentClassifierV6,2672,0,2672,4,0
66,EmptyElementClassifier,0,0,0,0,22
66,EnhancedClauseClassifierV6,368,0,368,5,0
66,EnhancedTOCDetector,2,2,0,1,0
66,HeadingClassifierV6,307,186,121,0,0
66,ImprovedMetadataRemoverV7,0,0,0,0,1808
66,LateMetadataRemoverStep,-142,0,-28,0,0
66,LegalContentClassifierV6,211,51,160,3,0
66,MainTitleClassifierV6,40,40,0,0,0
66,SmartSectionClassifierV6,120,53,67,3,0
66,TextClassifier,0,0,0,0,6332
67,ContentClassifierV6,2722,0,2722,4,0
67,EmptyElementClassifier,0,0,0,0,22
67,EnhancedClauseClassifierV6,375,0,375,5,0
67,EnhancedTOCDetector,2,2,0,1,0
67,HeadingClassifierV6,318,197,121,0,0
67,ImprovedMetadataRemoverV7,0,0,0,0,1828
67,LateMetadataRemoverStep,-142,0,-28,0,0
67,LegalContentClassifierV6,215,51,164,3,0
67,MainTitleClassifierV6,41,41,0,0,0
67,SmartSectionClassifierV6,124,57,67,3,0
67,TextClassifier,0,0,0,0,6453
68,ContentClassifierV6,2756,0,2756,4,0
68,EmptyElementClassifier,0,0,0,0,22
68,EnhancedClauseClassifierV6,387,0,387,5,0
68,EnhancedTOCDetector,2,2,0,1,0
68,HeadingClassifierV6,321,198,123,0,0
68,ImprovedMetadataRemoverV7,0,0,0,0,1845
68,LateMetadataRemoverStep,-142,0,-28,0,0
68,LegalContentClassifierV6,219,51,168,3,0
68,MainTitleClassifierV6,42,42,0,0,0
68,SmartSectionClassifierV6,124,57,67,3,0
68,TextClassifier,0,0,0,0,6548
69,ContentClassifierV6,2783,0,2783,4,0
69,EmptyElementClassifier,0,0,0,0,22
69,EnhancedClauseClassifierV6,389,0,389,5,0
69,EnhancedTOCDetector,2,2,0,1,0
69,HeadingClassifierV6,332,198,134,0,0
69,ImprovedMetadataRemoverV7,0,0,0,0,1874
69,LateMetadataRemoverStep,-142,0,-28,0,0
69,LegalContentClassifierV6,219,51,168,3,0
69,MainTitleClassifierV6,43,43,0,0,0
69,SmartSectionClassifierV6,137,68,69,3,0
69,TextClassifier,0,0,0,0,6907
70,ContentClassifierV6,3015,0,3015,4,0
70,EmptyElementClassifier,0,0,0,0,22
70,EnhancedClauseClassifierV6,409,0,409,5,0
70,EnhancedTOCDetector,2,2,0,1,0
70,HeadingClassifierV6,357,222,135,0,0
70,ImprovedMetadataRemoverV7,0,0,0,0,1900
70,LateMetadataRemoverStep,-142,0,-28,0,0
70,LegalContentClassifierV6,222,51,171,3,0
70,MainTitleClassifierV6,44,44,0,0,0
70,SmartSectionClassifierV6,143,68,75,3,0
70,TextClassifier,0,0,0,0,7251
71,ContentClassifierV6,3025,0,3025,4,0
71,EmptyElementClassifier,0,0,0,0,22
71,EnhancedClauseClassifierV6,409,0,409,5,0
71,EnhancedTOCDetector,2,2,0,1,0
71,HeadingClassifierV6,358,222,136,0,0
71,ImprovedMetadataRemoverV7,0,0,0,0,1924
71,LateMetadataRemoverStep,-142,0,-28,0,0
71,LegalContentClassifierV6,231,52,179,3,0
71,MainTitleClassifierV6,45,45,0,0,0
71,SmartSectionClassifierV6,143,68,75,3,0
71,TextClassifier,0,0,0,0,7329
72,ContentClassifierV6,3094,0,3094,4,0
72,EmptyElementClassifier,0,0,0,0,22
72,EnhancedClauseClassifierV6,423,0,423,5,0
72,EnhancedTOCDetector,2,2,0,1,0
72,HeadingClassifierV6,362,223,139,0,0
72,ImprovedMetadataRemoverV7,0,0,0,0,1941
72,LateMetadataRemoverStep,-142,0,-28,0,0
72,LegalContentClassifierV6,235,52,183,3,0
72,MainTitleClassifierV6,46,46,0,0,0
72,SmartSectionClassifierV6,151,68,83,3,0
72,TextClassifier,0,0,0,0,7418
73,ContentClassifierV6,3104,0,3104,4,0
73,EmptyElementClassifier,0,0,0,0,22
73,EnhancedClauseClassifierV6,431,0,431,5,0
73,EnhancedTOCDetector,2,2,0,1,0
73,HeadingClassifierV6,364,225,139,0,0
73,ImprovedMetadataRemoverV7,0,0,0,0,1943
73,LateMetadataRemoverStep,-142,0,-28,0,0
73,LegalContentClassifierV6,235,52,183,3,0
73,MainTitleClassifierV6,46,46,0,0,0
73,SmartSectionClassifierV6,151,68,83,3,0
73,TextClassifier,0,0,0,0,7509
74,ContentClassifierV6,3136,0,3136,4,0
74,EmptyElementClassifier,0,0,0,0,22
74,EnhancedClauseClassifierV6,437,0,437,5,0
74,EnhancedTOCDetector,2,2,0,1,0
74,HeadingClassifierV6,375,236,139,0,0
74,ImprovedMetadataRemoverV7,0,0,0,0,1985
74,LateMetadataRemoverStep,-142,0,-28,0,0
74,LegalContentClassifierV6,235,52,183,3,0
74,MainTitleClassifierV6,47,47,0,0,0
74,SmartSectionClassifierV6,152,68,84,3,0
74,TextClassifier,0,0,0,0,7630
75,ContentClassifierV6,3152,0,3152,4,0
75,EmptyElementClassifier,0,0,0,0,22
75,EnhancedClauseClassifierV6,437,0,437,5,0
75,EnhancedTOCDetector,2,2,0,1,0
75,HeadingClassifierV6,387,244,143,0,0
75,ImprovedMetadataRemoverV7,0,0,0,0,2025
75,LateMetadataRemoverStep,-142,0,-28,0,0
75,LegalContentClassifierV6,237,52,185,3,0
75,MainTitleClassifierV6,48,48,0,0,0
75,SmartSectionClassifierV6,166,68,98,3,0
75,TextClassifier,0,0,0,0,7682
76,ContentClassifierV6,3155,0,3155,4,0
76,EmptyElementClassifier,0,0,0,0,22
76,EnhancedClauseClassifierV6,437,0,437,5,0
76,EnhancedTOCDetector,2,2,0,1,0
76,HeadingClassifierV6,387,244,143,0,0
76,ImprovedMetadataRemoverV7,0,0,0,0,2081
76,LateMetadataRemoverStep,-142,0,-28,0,0
76,LegalContentClassifierV6,237,52,185,3,0
76,MainTitleClassifierV6,48,48,0,0,0
76,SmartSectionClassifierV6,166,68,98,3,0
76,TextClassifier,0,0,0,0,7743
77,ContentClassifierV6,3208,0,3208,4,0
77,EmptyElementClassifier,0,0,0,0,22
77,EnhancedClauseClassifierV6,445,0,445,5,0
77,EnhancedTOCDetector,3,3,0,1,0
77,HeadingClassifierV6,389,245,144,0,0
77,ImprovedMetadataRemoverV7,0,0,0,0,2142
77,LateMetadataRemoverStep,-142,0,-28,0,0
77,LegalContentClassifierV6,241,52,189,3,0
77,MainTitleClassifierV6,49,49,0,0,0
77,SmartSectionClassifierV6,166,68,98,3,0
77,TextClassifier,0,0,0,0,7832
78,ContentClassifierV6,3227,0,3227,4,0
78,EmptyElementClassifier,0,0,0,0,22
78,EnhancedClauseClassifierV6,454,0,454,5,0
78,EnhancedTOCDetector,3,3,0,1,0
78,HeadingClassifierV6,393,248,145,0,0
78,ImprovedMetadataRemoverV7,0,0,0,0,2148
78,LateMetadataRemoverStep,-142,0,-28,0,0
78,LegalContentClassifierV6,244,52,192,3,0
78,MainTitleClassifierV6,50,50,0,0,0
78,SmartSectionClassifierV6,166,68,98,3,0
78,TextClassifier,0,0,0,0,7872
79,ContentClassifierV6,3234,0,3234,4,0
79,EmptyElementClassifier,0,0,0,0,22
79,EnhancedClauseClassifierV6,454,0,454,5,0
79,EnhancedTOCDetector,3,3,0,1,0
79,HeadingClassifierV6,400,254,146,0,0
79,ImprovedMetadataRemoverV7,0,0,0,0,2163
79,LateMetadataRemoverStep,-142,0,-28,0,0
79,LegalContentClassifierV6,246,52,194,3,0
79,MainTitleClassifierV6,51,51,0,0,0
79,SmartSectionClassifierV6,166,68,98,3,0
79,TextClassifier,0,0,0,0,7926
80,ContentClassifierV6,3286,0,3286,4,0
80,EmptyElementClassifier,0,0,0,0,22
80,EnhancedClauseClassifierV6,468,0,468,5,0
80,EnhancedTOCDetector,3,3,0,1,0
80,HeadingClassifierV6,402,254,148,0,0
80,ImprovedMetadataRemoverV7,0,0,0,0,2180
80,LateMetadataRemoverStep,-142,0,-28,0,0
80,LegalContentClassifierV6,252,55,197,3,0
80,MainTitleClassifierV6,52,52,0,0,0
80,SmartSectionClassifierV6,166,68,98,3,0
80,TextClassifier,0,0,0,0,8010
81,ContentClassifierV6,3308,0,3308,4,0
81,EmptyElementClassifier,0,0,0,0,22
81,EnhancedClauseClassifierV6,469,0,469,5,0
81,EnhancedTOCDetector,3,3,0,1,0
81,HeadingClassifierV6,412,263,149,0,0
81,ImprovedMetadataRemoverV7,0,0,0,0,2199
81,LateMetadataRemoverStep,-142,0,-28,0,0
81,LegalContentClassifierV6,252,55,197,3,0
81,MainTitleClassifierV6,53,53,0,0,0
81,SmartSectionClassifierV6,166,68,98,3,0
81,TextClassifier,0,0,0,0,8148
82,ContentClassifierV6,3391,0,3391,4,0
82,EmptyElementClassifier,0,0,0,0,22
82,EnhancedClauseClassifierV6,486,0,486,5,0
82,EnhancedTOCDetector,3,3,0,1,0
82,HeadingClassifierV6,433,273,160,0,0
82,ImprovedMetadataRemoverV7,0,0,0,0,2218
82,LateMetadataRemoverStep,-142,0,-28,0,0
82,LegalContentClassifierV6,253,55,198,3,0
82,MainTitleClassifierV6,54,54,0,0,0
82,SmartSectionClassifierV6,166,68,98,3,0
82,TextClassifier,0,0,0,0,8333
83,ContentClassifierV6,3432,0,3432,4,0
83,EmptyElementClassifier,0,0,0,0,22
83,EnhancedClauseClassifierV6,492,0,492,5,0
83,EnhancedTOCDetector,3,3,0,1,0
83,HeadingClassifierV6,462,291,171,0,0
83,ImprovedMetadataRemoverV7,0,0,0,0,2356
83,LateMetadataRemoverStep,-142,0,-28,0,0
83,LegalContentClassifierV6,257,57,200,3,0
83,MainTitleClassifierV6,55,55,0,0,0
83,SmartSectionClassifierV6,166,68,98,3,0
83,TextClassifier,0,0,0,0,9130
84,ContentClassifierV6,4149,0,4149,4,0
84,EmptyElementClassifier,0,0,0,0,22
84,EnhancedClauseClassifierV6,523,0,523,5,0
84,EnhancedTOCDetector,4,4,0,1,0
84,HeadingClassifierV6,499,314,185,0,0
84,ImprovedMetadataRemoverV7,0,0,0,0,2583
84,LateMetadataRemoverStep,-142,0,-28,0,0
84,LegalContentClassifierV6,278,65,213,3,0
84,MainTitleClassifierV6,56,56,0,0,0
84,SmartSectionClassifierV6,181,78,103,3,0
84,TextClassifier,0,0,0,0,10138
85,ContentClassifierV6,4346,0,4346,4,0
85,EmptyElementClassifier,0,0,0,0,22
85,EnhancedClauseClassifierV6,552,0,552,5,0
85,EnhancedTOCDetector,4,4,0,1,0
85,HeadingClassifierV6,521,327,194,0,0
85,ImprovedMetadataRemoverV7,0,0,0,0,2675
85,LateMetadataRemoverStep,-142,0,-28,0,0
85,LegalContentClassifierV6,294,75,219,3,0
85,MainTitleClassifierV6,57,57,0,0,0
85,SmartSectionClassifierV6,193,83,110,3,0
85,TextClassifier,0,0,0,0,10404
86,ContentClassifierV6,4353,0,4353,4,0
86,EmptyElementClassifier,0,0,0,0,22
86,EnhancedClauseClassifierV6,552,0,552,5,0
86,EnhancedTOCDetector,4,4,0,1,0
86,HeadingClassifierV6,521,327,194,0,0
86,ImprovedMetadataRemoverV7,0,0,0,0,2703
86,LateMetadataRemoverStep,-142,0,-28,0,0
86,LegalContentClassifierV6,295,76,219,3,0
86,MainTitleClassifierV6,57,57,0,0,0
86,SmartSectionClassifierV6,193,83,110,3,0
86,TextClassifier,0,0,0,0,10615
87,ContentClassifierV6,4552,0,4552,4,0
87,EmptyElementClassifier,0,0,0,0,22
87,EnhancedClauseClassifierV6,573,0,573,5,0
87,EnhancedTOCDetector,4,4,0,1,0
87,HeadingClassifierV6,525,331,194,0,0
87,ImprovedMetadataRemoverV7,0,0,0,0,2730
87,LateMetadataRemoverStep,-142,0,-28,0,0
87,LegalContentClassifierV6,298,76,222,3,0
87,MainTitleClassifierV6,58,58,0,0,0
87,SmartSectionClassifierV6,194,83,111,3,0
87,TextClassifier,0,0,0,0,10838
88,ContentClassifierV6,4559,0,4559,4,0
88,EmptyElementClassifier,0,0,0,0,22
88,EnhancedClauseClassifierV6,573,0,573,5,0
88,EnhancedTOCDetector,4,4,0,1,0
88,HeadingClassifierV6,526,332,194,0,0
88,ImprovedMetadataRemoverV7,0,0,0,0,2813
88,LateMetadataRemoverStep,-142,0,-28,0,0
88,LegalContentClassifierV6,304,76,228,3,0
88,MainTitleClassifierV6,59,59,0,0,0
88,SmartSectionClassifierV6,195,83,112,3,0
88,TextClassifier,0,0,0,0,11331
89,ContentClassifierV6,5074,0,5074,4,0
89,EmptyElementClassifier,0,0,0,0,22
89,EnhancedClauseClassifierV6,595,0,595,5,0
89,EnhancedTOCDetector,5,5,0,1,0
89,HeadingClassifierV6,595,361,234,0,0
89,ImprovedMetadataRemoverV7,0,0,0,0,2896
89,LateMetadataRemoverStep,-142,0,-28,0,0
89,LegalContentClassifierV6,352,83,269,3,0
89,MainTitleClassifierV6,60,60,0,0,0
89,SmartSectionClassifierV6,291,92,199,3,0
89,TextClassifier,0,0,0,0,11877
90,ContentClassifierV6,5100,0,5100,4,0
90,EmptyElementClassifier,0,0,0,0,22
90,EnhancedClauseClassifierV6,596,0,596,5,0
90,EnhancedTOCDetector,5,5,0,1,0
90,HeadingClassifierV6,598,364,234,0,0
90,ImprovedMetadataRemoverV7,0,0,0,0,2897
90,LateMetadataRemoverStep,-142,0,-28,0,0
90,LegalContentClassifierV6,352,83,269,3,0
90,MainTitleClassifierV6,61,61,0,0,0
90,SmartSectionClassifierV6,293,92,201,3,0
90,TextClassifier,0,0,0,0,11923
91,ContentClassifierV6,5117,0,5117,4,0
91,EmptyElementClassifier,0,0,0,0,22
91,EnhancedClauseClassifierV6,596,0,596,5,0
91,EnhancedTOCDetector,5,5,0,1,0
91,HeadingClassifierV6,598,364,234,0,0
91,ImprovedMetadataRemoverV7,0,0,0,0,2940
91,LateMetadataRemoverStep,-142,0,-28,0,0
91,LegalContentClassifierV6,353,83,270,3,0
91,MainTitleClassifierV6,61,61,0,0,0
91,SmartSectionClassifierV6,294,93,201,3,0
91,TextClassifier,0,0,0,0,12012
92,ContentClassifierV6,5186,0,5186,4,0
92,EmptyElementClassifier,0,0,0,0,22
92,EnhancedClauseClassifierV6,607,0,607,5,0
92,EnhancedTOCDetector,5,5,0,1,0
92,HeadingClassifierV6,606,365,241,0,0
92,ImprovedMetadataRemoverV7,0,0,0,0,2982
92,LateMetadataRemoverStep,-142,0,-28,0,0
92,LegalContentClassifierV6,357,83,274,3,0
92,MainTitleClassifierV6,62,62,0,0,0
92,SmartSectionClassifierV6,298,93,205,3,0
92,TextClassifier,0,0,0,0,12094
93,ContentClassifierV6,5187,0,5187,4,0
93,EmptyElementClassifier,0,0,0,0,22
93,EnhancedClauseClassifierV6,607,0,607,5,0
93,EnhancedTOCDetector,5,5,0,1,0
93,HeadingClassifierV6,606,365,241,0,0
93,ImprovedMetadataRemoverV7,0,0,0,0,3010
93,LateMetadataRemoverStep,-142,0,-28,0,0
93,LegalContentClassifierV6,357,83,274,3,0
93,MainTitleClassifierV6,62,62,0,0,0
93,SmartSectionClassifierV6,298,93,205,3,0
93,TextClassifier,0,0,0,0,12094
94,ContentClassifierV6,5187,0,5187,4,0
94,EmptyElementClassifier,0,0,0,0,22
94,EnhancedClauseClassifierV6,607,0,607,5,0
94,EnhancedTOCDetector,5,5,0,1,0
94,HeadingClassifierV6,606,365,241,0,0
94,ImprovedMetadataRemoverV7,0,0,0,0,3234
94,LateMetadataRemoverStep,-142,0,-28,0,0
94,LegalContentClassifierV6,357,83,274,3,0
94,MainTitleClassifierV6,62,62,0,0,0
94,SmartSectionClassifierV6,298,93,205,3,0
94,TextClassifier,0,0,0,0,12181
95,ContentClassifierV6,5524,0,5524,4,0
95,EmptyElementClassifier,0,0,0,0,22
95,EnhancedClauseClassifierV6,633,0,633,5,0
95,EnhancedTOCDetector,5,5,0,1,0
95,HeadingClassifierV6,629,376,253,0,0
95,ImprovedMetadataRemoverV7,0,0,0,0,3437
95,LateMetadataRemoverStep,-142,0,-28,0,0
95,LegalContentClassifierV6,369,90,279,3,0
95,MainTitleClassifierV6,63,63,0,0,0
95,SmartSectionClassifierV6,298,93,205,3,0
95,TextClassifier,0,0,0,0,12644
96,ContentClassifierV6,5582,0,5582,4,0
96,EmptyElementClassifier,0,0,0,0,22
96,EnhancedClauseClassifierV6,636,0,636,5,0
96,EnhancedTOCDetector,5,5,0,1,0
96,HeadingClassifierV6,635,381,254,0,0
96,ImprovedMetadataRemoverV7,0,0,0,0,3442
96,LateMetadataRemoverStep,-142,0,-28,0,0
96,LegalContentClassifierV6,371,91,280,3,0
96,MainTitleClassifierV6,64,64,0,0,0
96,SmartSectionClassifierV6,298,93,205,3,0
96,TextClassifier,0,0,0,0,12718
97,ContentClassifierV6,5588,0,5588,4,0
97,EmptyElementClassifier,0,0,0,0,22
97,EnhancedClauseClassifierV6,636,0,636,5,0
97,EnhancedTOCDetector,5,5,0,1,0
97,HeadingClassifierV6,635,381,254,0,0
97,ImprovedMetadataRemoverV7,0,0,0,0,3593
97,LateMetadataRemoverStep,-142,0,-28,0,0
97,LegalContentClassifierV6,377,93,284,3,0
97,MainTitleClassifierV6,65,65,0,0,0
97,SmartSectionClassifierV6,298,93,205,3,0
97,TextClassifier,0,0,0,0,12726
98,ContentClassifierV6,5588,0,5588,4,0
98,EmptyElementClassifier,0,0,0,0,22
98,EnhancedClauseClassifierV6,636,0,636,5,0
98,EnhancedTOCDetector,5,5,0,1,0
98,HeadingClassifierV6,635,381,254,0,0
98,ImprovedMetadataRemoverV7,0,0,0,0,3741
98,LateMetadataRemoverStep,-142,0,-28,0,0
98,LegalContentClassifierV6,377,93,284,3,0
98,MainTitleClassifierV6,65,65,0,0,0
98,SmartSectionClassifierV6,298,93,205,3,0
98,TextClassifier,0,0,0,0,12771
99,ContentClassifierV6,5634,0,5634,4,0
99,EmptyElementClassifier,0,0,0,0,22
99,EnhancedClauseClassifierV6,655,0,655,5,0
99,EnhancedTOCDetector,5,5,0,1,0
99,HeadingClassifierV6,642,385,257,0,0
99,ImprovedMetadataRemoverV7,0,0,0,0,3743
99,LateMetadataRemoverStep,-142,0,-28,0,0
99,LegalContentClassifierV6,383,93,290,3,0
99,MainTitleClassifierV6,66,66,0,0,0
99,SmartSectionClassifierV6,300,93,207,3,0
99,TextClassifier,0,0,0,0,12830
100,ContentClassifierV6,5634,0,5634,4,0
100,EmptyElementClassifier,0,0,0,0,22
100,EnhancedClauseClassifierV6,655,0,655,5,0
100,EnhancedTOCDetector,5,5,0,1,0
100,HeadingClassifierV6,642,385,257,0,0
100,ImprovedMetadataRemoverV7,0,0,0,0,3743
100,LateMetadataRemoverStep,-142,0,-28,0,0
100,LegalContentClassifierV6,383,93,290,3,0
100,MainTitleClassifierV6,66,66,0,0,0
100,SmartSectionClassifierV6,300,93,207,3,0
100,TextClassifier,0,0,0,0,12830
